Time (s)	PSI(P = 2 nW*um^-2)(a.u.) 
0.0	0.0125234955603245
0.041	0.0077273106547484
0.081	0.0167862616911047
0.121	-0.0029308548724521
0.161	0.0082598959627109
0.201	0.0013319112583265
0.241	0.0007993259503655
0.281	0.0007993259503655
0.322	-0.0135892287663626
0.362	0.0029311257491739
0.402	0.0103916957615177
0.443	-0.015187609790372
0.483	0.0007993259503655
0.524	-0.0077270397780281
0.564	-0.0082604585528241
0.604	0.0050629255479807
0.644	-0.0071944544700672
0.684	-0.0093256291687474
0.724	-0.0002664697656828
0.764	-0.0029308548724521
0.804	-0.0082604585528241
0.844	0.0007993259503655
0.885	-0.0114574289675543
0.925	0.0055955108559416
0.966	0.0066613065719916
1.006	0.0013319112583265
1.047	0.0109242810694787
1.087	0.0050629255479807
1.127	0.354116752638597
1.167	0.493205489800174
1.207	0.590727985669121
1.247	0.651478758217346
1.287	0.715427959747261
1.327	0.776712151070281
1.367	0.80175887131421
1.407	0.856115077932848
1.447	0.87902999837797
1.487	0.924860672735049
1.527	0.959499762790129
1.567	1.0
1.608	0.873701436531141
1.648	0.822541991960525
1.689	0.809752860101353
1.729	0.788968905988203
1.769	0.785238725165385
1.809	0.795364305384625
1.85	0.793232505585816
1.891	0.780975959034605
1.931	0.773514555555424
1.971	0.759659419613494
2.011	0.751665639193061
2.051	0.734079280594767
2.091	0.729283095689191
2.131	0.737277084476334
2.171	0.74367165040592
2.211	0.737277084476334
2.252	0.725020329558413
2.292	0.699973609314484
2.332	0.727684714665182
2.372	0.713828745256415
2.412	0.70370399850401
2.452	0.705302379528021
2.492	0.711697778924443
2.533	0.698375228290473
2.574	0.693579043384897
2.614	0.696776013799627
2.655	0.674394512129303
2.695	0.688249648071233
2.736	0.695710009716869
2.776	0.69144724358609
2.816	0.67812469295212
2.856	0.67812469295212
2.896	0.695710009716869
2.937	0.665867104567364
2.977	0.661604338436585
3.017	0.666400523342161
3.057	0.673861093354505
3.097	0.673861093354505
3.137	0.65414397679095
3.177	0.665867104567364
3.217	0.666400523342161
3.257	0.666400523342161
3.297	0.663736138235392
3.337	0.656808153531009
3.378	0.658406742921729
3.418	0.658939953329816
3.458	0.6333600226778
3.498	0.660538542720535
3.538	0.649347791885374
3.578	0.649880168826626
3.619	0.660005957412575
3.659	0.647748369027818
3.7	0.628031252464263
3.74	0.640288007382183
3.78	0.617905672245022
3.821	0.623235067558687
3.861	0.631761433287081
3.901	0.630695637571031
3.941	0.639755422074222
3.981	0.631228222878991
4.022	0.611510897948726
4.062	0.610445102232678
4.102	0.617905672245022
4.142	0.624833656949406
4.182	0.614175283055496
4.222	0.634959237168646
4.262	0.609912516924717
4.303	0.615774497546341
4.343	0.618438882653111
4.383	0.60937909814992
4.423	0.612576902031485
4.463	0.613109487339446
4.503	0.612043483256689
4.544	0.599786936705476
4.584	0.581668201165931
4.624	0.579003816059162
4.664	0.603517117528295
4.704	0.605116332019141
4.744	0.59605654751595
4.785	0.598720932622719
4.826	0.601918736504284
4.866	0.608846721208667
4.907	0.597122551598708
4.947	0.583800000964738
4.987	0.590194566894325
5.027	0.591793781385171
5.067	0.586997596479595
5.107	0.59339216240918
5.147	0.587530181787556
5.187	0.580602197083173
5.227	0.595523962207989
5.267	0.576339430952393
5.307	0.587530181787556
5.347	0.598720932622719
5.387	0.592858952001093
5.427	0.575806012177597
5.467	0.589128562811567
5.507	0.590194566894325
5.548	0.577405226668443
5.588	0.582201411574019
5.628	0.585931800763545
5.669	0.592858952001093
5.709	0.584865796680787
5.749	0.574207631153586
5.789	0.564081842567638
5.83	0.567279646449203
5.87	0.576872016260355
5.91	0.572609250129575
5.95	0.582201411574019
5.99	0.574207631153586
6.031	0.565147846650395
6.071	0.544364726004081
6.112	0.568345442165252
6.152	0.55928586602877
6.192	0.558220695412847
6.232	0.573141627070828
6.272	0.57047724196406
6.312	0.581135615857969
6.352	0.549693496217618
6.393	0.552358506424514
6.433	0.550226706625706
6.474	0.558220695412847
6.515	0.554489681123194
6.556	0.563016880318423
6.597	0.548628325601696
6.638	0.549693496217618
6.678	0.549693496217618
6.718	0.538502745382455
6.759	0.53210797108616
6.8	0.548094906826899
6.841	0.544364726004081
6.882	0.548094906826899
6.922	0.555555476839243
6.962	0.544897311312042
7.002	0.534772356192929
7.042	0.552358506424514
7.082	0.549693496217618
7.124	0.548094906826899
7.164	0.555022891531282
7.204	0.540634545181263
7.244	0.546496525802888
7.284	0.531042175370111
7.325	0.535838360275687
7.365	0.55608889561404
7.406	0.540101126406466
7.447	0.540101126406466
7.488	0.533706560476881
7.529	0.539035955790544
7.571	0.547562529885646
7.611	0.521449805558959
7.651	0.514521820854576
7.691	0.533706560476881
7.732	0.531042175370111
7.772	0.525712571689738
7.812	0.539568541098505
7.852	0.525180194748485
7.892	0.522515809641718
7.932	0.50865984023295
7.972	0.516653620653383
8.012	0.527311994547294
8.052	0.526245990464535
8.092	0.50865984023295
8.132	0.501199270220607
8.172	0.515054406162537
8.212	0.51878542045219
8.253	0.50865984023295
8.293	0.507061250842231
8.333	0.513989235546615
8.373	0.524114190665728
8.413	0.512390021055768
8.453	0.514521820854576
8.493	0.499067470421798
8.533	0.502797651244617
8.573	0.508127254924989
8.613	0.51878542045219
8.653	0.49800167470575
8.693	0.507061250842231
8.733	0.515054406162537
8.774	0.516120410245296
8.815	0.495869874906943
8.856	0.506528040434143
8.896	0.509193259007748
8.936	0.520384009842911
8.977	0.503331070019413
9.018	0.493738700208261
9.058	0.501731855528567
9.098	0.501731855528567
9.138	0.518252210044102
9.178	0.518252210044102
9.219	0.509725635949
9.261	0.509725635949
9.301	0.502797651244617
9.341	0.504397074102172
9.381	0.513989235546615
9.421	0.516120410245296
9.461	0.512923439830565
9.501	0.512390021055768
9.541	0.509725635949
9.582	0.514521820854576
9.623	0.500665851445809
9.664	0.514521820854576
9.705	0.491606900409454
9.745	0.515054406162537
9.785	0.49533728959898
9.826	0.49640308531503
9.867	0.488409304894598
9.907	0.500133474504556
9.948	0.510791640031759
9.988	0.491073690001367
10.029	0.515587824937335
10.069	0.499067470421798
10.109	0.508127254924989
10.149	0.49533728959898
10.189	0.492672904492213
10.231	0.49800167470575
10.271	0.492139485717415
10.311	0.505995455126182
10.351	0.485744919787828
10.391	0.487343300811839
10.431	0.486810715503878
10.471	0.485212334479867
10.511	0.480948734882254
10.551	0.475086754260628
10.591	0.482014738965011
10.631	0.487343300811839
10.671	0.484678915705071
10.711	0.479882939166204
10.751	0.489475100610648
10.791	0.487876719586637
10.831	0.469757984047091
10.871	0.467092765473486
10.911	0.470823779763139
10.951	0.487876719586637
10.991	0.47242236915386
11.031	0.481481320190215
11.071	0.487343300811839
11.111	0.463896003425465
11.151	0.464961799141515
11.191	0.477751139367397
11.231	0.471356365071102
11.271	0.478284349775485
11.311	0.483613119989022
11.351	0.455369429330363
11.391	0.468158769556245
11.431	0.458033814437132
11.471	0.468158769556245
11.511	0.457500395662334
11.551	0.467626184248284
11.591	0.462829999342708
11.631	0.474020750177869
11.672	0.475086754260628
11.712	0.464961799141515
11.752	0.453770214839517
11.792	0.479350353858243
11.832	0.470290569355052
11.872	0.463362584650669
11.912	0.461231618318697
11.952	0.464961799141515
11.992	0.458033814437132
12.032	0.462829999342708
12.072	0.451639248507545
12.112	0.454836218922275
12.152	0.467626184248284
12.192	0.44577726788592
12.232	0.463362584650669
12.272	0.455369429330363
12.312	0.4606981995439
12.352	0.446309644827171
12.392	0.457500395662334
12.432	0.447908234217892
12.472	0.462829999342708
12.512	0.464428380366717
12.553	0.452704419123467
12.593	0.451639248507545
12.633	0.467626184248284
12.673	0.454303633614314
12.714	0.439915078897586
12.754	0.446843063601969
12.794	0.461231618318697
12.834	0.440447664205547
12.874	0.450573244424787
12.914	0.440981082980344
12.955	0.450040034016699
12.995	0.441513459921597
13.035	0.452171833815506
13.076	0.4606981995439
13.117	0.443112049312316
13.157	0.436717483382729
13.198	0.431921298477153
13.238	0.434585683583922
13.278	0.446843063601969
13.318	0.453770214839517
13.358	0.43405309827596
13.398	0.442579464004354
13.439	0.440447664205547
13.479	0.44844144462598
13.519	0.44577726788592
13.561	0.440981082980344
13.601	0.445243849111123
13.641	0.443645468087112
13.681	0.44844144462598
13.721	0.450040034016699
13.761	0.460165614235939
13.801	0.445243849111123
13.841	0.436717483382729
13.881	0.431921298477153
13.921	0.443645468087112
13.961	0.443645468087112
14.002	0.44577726788592
14.043	0.454836218922275
14.083	0.443645468087112
14.123	0.450573244424787
14.163	0.437783279098778
14.204	0.450040034016699
14.244	0.448974029933941
14.285	0.464961799141515
14.325	0.447908234217892
14.365	0.456968018721082
14.406	0.435651479299971
14.446	0.437250693790817
14.486	0.446843063601969
14.526	0.461231618318697
14.567	0.460165614235939
14.607	0.456435433413121
14.647	0.464961799141515
14.688	0.441513459921597
14.729	0.445243849111123
14.771	0.431388713169192
14.811	0.444177845028365
14.851	0.44844144462598
14.891	0.442046878696393
14.931	0.448974029933941
14.971	0.436717483382729
15.012	0.432454508885241
15.052	0.428723494595588
15.092	0.441513459921597
15.132	0.44737564890993
15.172	0.461764203626658
15.212	0.43405309827596
15.252	0.442579464004354
15.292	0.429789498678346
15.332	0.432454508885241
15.372	0.43511889399201
15.412	0.443112049312316
15.452	0.453237629531556
15.492	0.424460728464808
15.532	0.440981082980344
15.572	0.428723494595588
15.612	0.437250693790817
15.652	0.420197128867194
15.692	0.423394724382051
15.732	0.43405309827596
15.772	0.437250693790817
15.812	0.444177845028365
15.852	0.44577726788592
15.892	0.430322709086434
15.932	0.426592528263616
15.972	0.42499331377277
16.012	0.444177845028365
16.052	0.427125113571577
16.092	0.429256913370384
16.132	0.443645468087112
16.172	0.436717483382729
16.212	0.434585683583922
16.252	0.422861513973962
16.292	0.427657698879538
16.332	0.446843063601969
16.372	0.428723494595588
16.412	0.428190909287627
16.452	0.421262924583243
16.492	0.415934362736414
16.532	0.410604759056042
16.572	0.415934362736414
16.612	0.42179634335804
16.652	0.410072173748081
16.692	0.434585683583922
16.732	0.402078393327648
16.772	0.412203973546888
16.812	0.39781562719687
16.852	0.406874578233224
16.892	0.418598747843183
16.932	0.42179634335804
16.972	0.427125113571577
17.012	0.42179634335804
17.052	0.422861513973962
17.092	0.406341992925263
17.132	0.396216412706022
17.172	0.394617823315303
17.212	0.434585683583922
17.252	0.41326914416281
17.292	0.407940373949273
17.332	0.412203973546888
17.372	0.42499331377277
17.412	0.414335148245568
17.452	0.406341992925263
17.492	0.415934362736414
17.532	0.41326914416281
17.572	0.430322709086434
17.612	0.407940373949273
17.652	0.391953438208535
17.693	0.39834821250483
17.733	0.413802562937607
17.773	0.431388713169192
17.813	0.429789498678346
17.853	0.40101238924489
17.893	0.423394724382051
17.933	0.407407788641312
17.973	0.420197128867194
18.013	0.410072173748081
18.053	0.414868358653657
18.093	0.415400943961618
18.133	0.443112049312316
18.173	0.418598747843183
18.214	0.403676774351659
18.254	0.391953438208535
18.294	0.413802562937607
18.335	0.39781562719687
18.376	0.410604759056042
18.417	0.410072173748081
18.457	0.399414008220879
18.497	0.398880589446083
18.537	0.409538963339992
18.577	0.394084404540507
18.617	0.396749623114111
18.657	0.414868358653657
18.697	0.407940373949273
18.738	0.406874578233224
18.778	0.403676774351659
18.818	0.409538963339992
18.858	0.390887642492485
18.898	0.393019442291293
18.939	0.403144189043697
18.98	0.409006378032031
19.021	0.395683827398061
19.061	0.404210193126455
19.101	0.403144189043697
19.141	0.378630887574565
19.181	0.396216412706022
19.221	0.396216412706022
19.261	0.395150408623265
19.301	0.398880589446083
19.341	0.395150408623265
19.381	0.396749623114111
19.421	0.38768983861092
19.461	0.38768983861092
19.501	0.398880589446083
19.541	0.401545808019687
19.582	0.409538963339992
19.622	0.410604759056042
19.662	0.402611812102444
19.702	0.383959657788102
19.742	0.376499087775757
19.782	0.399414008220879
19.822	0.404742778434416
19.862	0.412203973546888
19.902	0.428723494595588
19.942	0.403144189043697
19.982	0.396216412706022
20.022	0.399414008220879
20.062	0.397282208422072
20.102	0.403676774351659
20.142	0.404210193126455
20.182	0.405275988842505
20.222	0.404210193126455
20.262	0.405275988842505
20.302	0.39834821250483
20.342	0.385558038812113
20.382	0.393019442291293
20.422	0.40101238924489
20.462	0.407940373949273
20.502	0.383959657788102
20.542	0.382893653705344
20.582	0.384492243096063
20.623	0.378097468799768
20.663	0.366906717964606
20.704	0.366906717964606
20.745	0.385025453504151
20.786	0.384492243096063
20.826	0.381827857989295
20.866	0.386091457586909
20.906	0.376499087775757
20.947	0.367972722047363
20.987	0.383959657788102
21.028	0.36370912244975
21.068	0.388755842693678
21.108	0.380229476965285
21.148	0.375433292059708
21.188	0.377031673083719
21.229	0.374899873284911
21.269	0.375965669000961
21.309	0.380229476965285
21.349	0.380761853906537
21.389	0.389821638409727
21.43	0.394084404540507
21.47	0.387157253302959
21.51	0.381295272681333
21.55	0.374899873284911
21.59	0.378630887574565
21.63	0.394084404540507
21.671	0.377031673083719
21.711	0.40101238924489
21.751	0.375965669000961
21.792	0.393552027599254
21.832	0.376499087775757
21.872	0.386091457586909
21.912	0.379696058190487
21.952	0.400480012303637
21.993	0.395683827398061
22.033	0.396216412706022
22.073	0.38768983861092
22.113	0.370637107154132
22.153	0.390354223717689
22.193	0.37436728797695
22.233	0.372235488178143
22.273	0.392486023516496
22.313	0.386091457586909
22.354	0.378630887574565
22.394	0.364242541224545
22.434	0.379696058190487
22.474	0.380761853906537
22.514	0.383427072480141
22.554	0.39781562719687
22.596	0.385025453504151
22.636	0.366906717964606
22.676	0.391420227800446
22.716	0.381827857989295
22.757	0.372235488178143
22.797	0.395683827398061
22.838	0.372768906952939
22.878	0.399414008220879
22.918	0.382361276764091
22.958	0.389288428001639
22.999	0.36104473734298
23.039	0.359978733260222
23.079	0.367972722047363
23.119	0.364242541224545
23.159	0.36370912244975
23.2	0.378630887574565
23.241	0.36104473734298
23.281	0.360511318568183
23.321	0.357314556520163
23.361	0.357314556520163
23.402	0.357846933461415
23.442	0.357314556520163
23.482	0.364774918165798
23.522	0.355715133662608
23.562	0.361577322650941
23.602	0.335998017099052
23.642	0.342926001803434
23.682	0.354116752638597
23.722	0.35038657181578
23.762	0.362643118366991
23.802	0.35038657181578
23.842	0.36104473734298
23.882	0.349320567733021
23.922	0.354650171413393
23.962	0.357846933461415
24.002	0.351452367531828
24.042	0.359446356318969
24.082	0.351984952839789
24.122	0.36104473734298
24.163	0.339728197921869
24.203	0.35038657181578
24.243	0.355715133662608
24.284	0.354116752638597
24.325	0.360511318568183
24.365	0.37436728797695
24.405	0.354116752638597
24.446	0.354650171413393
24.487	0.355715133662608
24.527	0.341859997720676
24.567	0.361577322650941
24.607	0.349320567733021
24.647	0.357846933461415
24.688	0.356248552437404
24.728	0.351452367531828
24.769	0.359446356318969
24.809	0.342926001803434
24.849	0.364242541224545
24.889	0.356781137745365
24.929	0.36211053305903
24.97	0.375965669000961
25.01	0.371702902870181
25.051	0.356781137745365
25.091	0.353584167330637
25.132	0.334399636075041
25.172	0.359446356318969
25.212	0.383427072480141
25.252	0.354116752638597
25.292	0.341326787312589
25.332	0.349320567733021
25.372	0.340794202004628
25.412	0.340794202004628
25.452	0.353050956922548
25.492	0.342392583028639
25.532	0.337596398123062
25.572	0.332800421584195
25.612	0.334399636075041
25.653	0.343458587111395
25.693	0.323208051773043
25.733	0.332800421584195
25.774	0.342926001803434
25.814	0.328537447086706
25.855	0.317879281559506
25.896	0.342926001803434
25.936	0.327471651370658
25.976	0.334399636075041
26.016	0.318411866867467
26.056	0.318411866867467
26.097	0.314149100736688
26.138	0.324273847489093
26.178	0.326405647287899
26.219	0.31468147767794
26.26	0.328537447086706
26.301	0.318411866867467
26.341	0.33706402118181
26.381	0.33706402118181
26.422	0.345057801602243
26.462	0.343458587111395
26.502	0.352518371614587
26.543	0.328537447086706
26.583	0.333333631992282
26.623	0.324807266263889
26.663	0.336530602407012
26.703	0.345590386910204
26.743	0.357846933461415
26.783	0.336530602407012
26.824	0.351984952839789
26.864	0.345057801602243
26.904	0.343991797519484
26.945	0.343458587111395
26.985	0.342392583028639
27.026	0.351984952839789
27.066	0.360511318568183
27.107	0.361577322650941
27.147	0.339195820980617
27.187	0.329070032394669
27.227	0.353050956922548
27.268	0.340261616696667
27.309	0.341326787312589
27.351	0.330669246885515
27.391	0.337596398123062
27.432	0.342926001803434
27.472	0.338662402205819
27.513	0.334399636075041
27.554	0.356781137745365
27.594	0.355182756721356
27.634	0.349853986507817
27.674	0.350919157123741
27.714	0.362643118366991
27.754	0.341859997720676
27.794	0.332800421584195
27.834	0.334932221383002
27.874	0.34878798242506
27.915	0.327471651370658
27.955	0.347188767934213
27.996	0.347722186709011
28.036	0.330669246885515
28.077	0.334399636075041
28.118	0.307753701340266
28.159	0.321076251974236
28.199	0.333866217300245
28.24	0.342926001803434
28.28	0.329603451169465
28.321	0.318945285642264
28.361	0.329070032394669
28.401	0.314149100736688
28.441	0.339195820980617
28.481	0.31308309665393
28.521	0.330136036477426
28.561	0.340794202004628
28.601	0.336530602407012
28.641	0.338662402205819
28.681	0.322675466465082
28.721	0.318411866867467
28.761	0.333333631992282
28.801	0.318945285642264
28.841	0.345590386910204
28.881	0.347722186709011
28.922	0.322675466465082
28.963	0.322142047690284
29.003	0.325339851571851
29.043	0.334399636075041
29.084	0.308819497056314
29.125	0.325339851571851
29.166	0.31628006706866
29.206	0.347188767934213
29.247	0.318411866867467
29.287	0.31628006706866
29.327	0.309885501139073
29.367	0.324807266263889
29.408	0.328537447086706
29.449	0.317345862784708
29.489	0.330669246885515
29.529	0.306687697257508
29.569	0.335465431791091
29.609	0.318945285642264
29.649	0.310951296855123
29.689	0.30295751643469
29.729	0.296562742138395
29.77	0.317879281559506
29.81	0.325872436879812
29.85	0.322142047690284
29.89	0.309885501139073
29.93	0.285904576611193
29.971	0.308819497056314
30.011	0.298161331529114
30.052	0.310951296855123
30.092	0.336530602407012
30.136	0.312549677879132
30.176	0.282706981096337
30.217	0.323208051773043
30.259	0.294964361114384
30.301	0.300826550102718
30.341	0.326405647287899
30.381	0.320011081358312
30.421	0.320011081358312
30.461	0.31628006706866
30.501	0.301358927043971
30.541	0.301358927043971
30.581	0.320011081358312
30.621	0.320011081358312
30.667	0.321609462382323
30.708	0.300826550102718
30.76	0.306687697257508
30.801	0.298161331529114
30.842	0.297628746221153
30.883	0.295496946422345
30.923	0.306155111949547
30.963	0.31628006706866
31.004	0.301891512351932
31.044	0.301891512351932
31.093	0.295496946422345
31.14	0.298161331529114
31.188	0.315214896452736
31.237	0.315747481760699
31.278	0.31308309665393
31.319	0.320011081358312
31.359	0.301891512351932
31.401	0.31041871154716
31.441	0.321609462382323
31.481	0.306155111949547
31.521	0.304023312150738
31.571	0.324807266263889
31.621	0.307221116032305
31.671	0.306155111949547
31.711	0.290700761516769
31.751	0.28963496580072
31.791	0.293365146623538
31.841	0.295496946422345
31.881	0.301358927043971
31.921	0.299227127245162
31.961	0.315214896452736
32.001	0.296030365197142
32.043	0.309885501139073
32.084	0.284306195587183
32.124	0.300826550102718
32.164	0.308286911748354
32.204	0.302424931126729
32.245	0.304023312150738
32.285	0.289102380492759
32.33	0.279510010681607
32.37	0.288568961717962
32.417	0.303490726842777
32.471	0.312549677879132
32.516	0.296562742138395
32.57	0.298694541937201
32.617	0.292832561315577
32.671	0.292832561315577
32.718	0.279510010681607
32.765	0.306687697257508
32.809	0.291234180291566
32.861	0.293898565398335
32.903	0.281641810480414
32.943	0.291766765599527
32.984	0.30295751643469
33.024	0.295496946422345
33.064	0.295496946422345
33.104	0.296562742138395
33.144	0.283772776812386
33.185	0.284306195587183
33.226	0.303490726842777
33.267	0.299227127245162
33.307	0.283772776812386
33.349	0.305622526641586
33.389	0.306155111949547
33.431	0.292832561315577
33.482	0.278444006598849
33.523	0.277378210882799
33.565	0.277378210882799
33.612	0.284306195587183
33.652	0.28643799538599
33.697	0.279510010681607
33.738	0.284838780895144
33.778	0.277910796190761
33.819	0.287503166001913
33.861	0.278444006598849
33.911	0.29976054601996
33.951	0.303490726842777
33.991	0.288036376410001
34.041	0.276312206800042
34.081	0.27897659190681
34.131	0.262989656166072
34.171	0.297095327446356
34.211	0.295496946422345
34.251	0.288568961717962
34.301	0.277910796190761
34.341	0.296030365197142
34.381	0.283772776812386
34.421	0.273648030059981
34.471	0.286970580693951
34.511	0.286970580693951
34.551	0.300293131327921
34.6	0.275246411083992
34.651	0.270983644953213
34.691	0.290168176208808
34.741	0.287503166001913
34.791	0.293365146623538
34.831	0.297628746221153
34.88	0.27897659190681
34.921	0.305622526641586
34.961	0.277910796190761
35.001	0.300293131327921
35.041	0.287503166001913
35.091	0.293365146623538
35.141	0.307221116032305
35.181	0.290168176208808
35.221	0.288036376410001
35.261	0.28643799538599
35.301	0.291766765599527
35.341	0.277378210882799
35.387	0.283772776812386
35.428	0.283772776812386
35.47	0.283240191504425
35.511	0.274180407001234
35.551	0.274180407001234
35.601	0.256595090236485
35.641	0.256595090236485
35.688	0.285371991303232
35.729	0.294964361114384
35.769	0.281108391705618
35.811	0.280575806397656
35.851	0.266720045355598
35.891	0.283240191504425
35.932	0.277910796190761
35.98	0.295496946422345
36.02	0.263522241474033
36.061	0.282174395788375
36.101	0.301358927043971
36.141	0.28643799538599
36.181	0.287503166001913
36.221	0.300293131327921
36.261	0.26245707085811
36.301	0.286970580693951
36.341	0.295496946422345
36.381	0.269917640870455
36.421	0.287503166001913
36.461	0.283240191504425
36.511	0.28643799538599
36.561	0.287503166001913
36.601	0.283772776812386
36.641	0.285371991303232
36.681	0.282706981096337
36.721	0.273648030059981
36.761	0.283240191504425
36.801	0.284306195587183
36.842	0.285371991303232
36.882	0.276845625574838
36.923	0.282706981096337
36.963	0.274713825776031
37.004	0.272049440669262
37.044	0.26565404127284
37.084	0.272049440669262
37.124	0.282706981096337
37.165	0.291234180291566
37.205	0.277910796190761
37.251	0.290700761516769
37.296	0.261391275142061
37.337	0.262989656166072
37.378	0.26405566024883
37.419	0.275246411083992
37.46	0.267253255763686
37.5	0.284306195587183
37.54	0.278444006598849
37.581	0.283240191504425
37.621	0.272049440669262
37.661	0.262989656166072
37.701	0.283772776812386
37.741	0.259792060651215
37.781	0.285904576611193
37.821	0.266720045355598
37.861	0.285371991303232
37.901	0.288568961717962
37.956	0.288036376410001
38.001	0.267253255763686
38.041	0.284306195587183
38.081	0.26565404127284
38.121	0.268318426379609
38.161	0.266720045355598
38.201	0.259259475343254
38.251	0.261923860450022
38.291	0.272049440669262
38.331	0.279510010681607
38.371	0.283240191504425
38.416	0.266720045355598
38.461	0.277378210882799
38.511	0.273648030059981
38.551	0.286970580693951
38.591	0.26405566024883
38.631	0.276845625574838
38.681	0.272582025977224
38.721	0.275246411083992
38.761	0.270450226178416
38.801	0.274180407001234
38.841	0.260857856367264
38.881	0.253397494721628
38.931	0.269384430462367
38.971	0.26405566024883
39.011	0.265121455964879
39.06	0.26565404127284
39.101	0.258193471260496
39.141	0.270983644953213
39.181	0.261923860450022
39.221	0.261391275142061
39.261	0.273648030059981
39.301	0.24007473572095
39.341	0.266720045355598
39.391	0.26405566024883
39.431	0.271516230261174
39.481	0.275779829858789
39.521	0.270450226178416
39.561	0.268851845154405
39.61	0.275246411083992
39.661	0.270450226178416
39.71	0.256595090236485
39.75	0.269917640870455
39.791	0.269917640870455
39.841	0.280042595989568
39.881	0.284306195587183
39.921	0.277378210882799
39.961	0.274180407001234
40.001	0.259792060651215
40.05	0.260857856367264
40.09	0.272582025977224
40.131	0.272582025977224
40.171	0.256061671461688
40.211	0.269384430462367
40.26	0.279510010681607
40.301	0.254463290437678
40.341	0.255529294520435
40.39	0.264588245556791
40.43	0.251798905330909
40.47	0.263522241474033
40.511	0.263522241474033
40.551	0.260325271059303
40.6	0.26245707085811
40.64	0.245936924709284
40.681	0.261391275142061
40.721	0.272582025977224
40.761	0.261391275142061
40.801	0.26245707085811
40.841	0.266187460047637
40.881	0.257127675544446
40.921	0.236877140206093
40.97	0.258726056568457
41.011	0.245936924709284
41.051	0.282706981096337
41.091	0.257661094319243
41.131	0.255529294520435
41.171	0.259259475343254
41.211	0.239541525312862
41.26	0.259792060651215
41.3	0.276312206800042
41.34	0.249133686757305
41.381	0.249667105532102
41.421	0.248068724508091
41.471	0.24007473572095
41.511	0.254463290437678
41.551	0.259259475343254
41.591	0.264588245556791
41.631	0.266720045355598
41.671	0.270450226178416
41.711	0.247002720425333
41.751	0.270450226178416
41.801	0.248068724508091
41.841	0.249667105532102
41.881	0.265121455964879
41.921	0.253397494721628
41.961	0.255529294520435
42.001	0.242739120827718
42.051	0.245936924709284
42.091	0.261391275142061
42.131	0.245403505934487
42.171	0.276312206800042
42.211	0.259259475343254
42.251	0.257127675544446
42.291	0.264588245556791
42.331	0.245403505934487
42.371	0.261923860450022
42.411	0.24007473572095
42.451	0.258193471260496
42.491	0.268851845154405
42.531	0.267253255763686
42.571	0.272582025977224
42.611	0.255529294520435
42.651	0.242739120827718
42.691	0.268318426379609
42.731	0.264588245556791
42.771	0.259792060651215
42.82	0.26565404127284
42.86	0.251798905330909
42.9	0.242739120827718
42.94	0.260857856367264
42.981	0.26405566024883
43.021	0.248068724508091
43.071	0.248601309816052
43.13	0.251265694922821
43.171	0.270983644953213
43.221	0.253929871662881
43.261	0.250199690840063
43.31	0.243805124910476
43.351	0.256061671461688
43.4	0.26245707085811
43.441	0.262989656166072
43.481	0.271516230261174
43.531	0.259259475343254
43.581	0.26245707085811
43.621	0.256595090236485
43.671	0.263522241474033
43.731	0.269384430462367
43.771	0.245936924709284
43.821	0.242739120827718
43.871	0.22994915550171
43.911	0.235278759182082
43.951	0.241140739803708
44.001	0.225152970596134
44.041	0.237942935922142
44.081	0.235811136123335
44.121	0.235278759182082
44.161	0.220356785690558
44.21	0.245936924709284
44.251	0.238476354696939
44.291	0.251265694922821
44.331	0.245403505934487
44.371	0.241140739803708
44.411	0.243272539602515
44.451	0.232080955300517
44.491	0.244337710218437
44.54	0.232080955300517
44.581	0.25233149063887
44.621	0.243272539602515
44.661	0.235278759182082
44.701	0.230482574276506
44.741	0.233680169791363
44.781	0.244870920626526
44.821	0.245403505934487
44.871	0.251798905330909
44.921	0.235811136123335
44.971	0.230482574276506
45.011	0.247002720425333
45.06	0.228350774477699
45.101	0.240607321028911
45.141	0.24007473572095
45.191	0.250733109614861
45.231	0.244870920626526
45.271	0.241673325111669
45.331	0.236344554898132
45.381	0.243805124910476
45.421	0.228350774477699
45.461	0.251265694922821
45.501	0.256595090236485
45.541	0.240607321028911
45.581	0.234745340407286
45.621	0.227284770394941
45.671	0.243272539602515
45.73	0.234745340407286
45.771	0.234745340407286
45.811	0.235811136123335
45.851	0.232080955300517
45.891	0.244870920626526
45.931	0.236877140206093
45.98	0.225152970596134
46.021	0.250199690840063
46.061	0.230482574276506
46.101	0.243272539602515
46.161	0.248068724508091
46.201	0.22994915550171
46.241	0.236877140206093
46.281	0.237410558980891
46.321	0.22994915550171
46.371	0.240607321028911
46.411	0.246469510017245
46.451	0.228350774477699
46.491	0.238476354696939
46.531	0.228883984885787
46.571	0.228350774477699
46.611	0.22675218508698
46.651	0.240607321028911
46.691	0.250199690840063
46.731	0.234212755099324
46.781	0.241673325111669
46.821	0.246469510017245
46.861	0.235811136123335
46.901	0.253397494721628
46.941	0.244337710218437
46.981	0.257661094319243
47.021	0.254463290437678
47.061	0.238476354696939
47.111	0.250199690840063
47.151	0.246469510017245
47.191	0.235811136123335
47.231	0.247002720425333
47.291	0.234745340407286
47.341	0.25233149063887
47.39	0.240607321028911
47.431	0.24007473572095
47.471	0.243272539602515
47.511	0.245403505934487
47.551	0.244337710218437
47.6	0.232614374075315
47.64	0.232080955300517
47.681	0.220356785690558
47.721	0.236344554898132
47.761	0.221422789773317
47.811	0.215560600784982
47.851	0.251798905330909
47.891	0.244870920626526
47.931	0.220890204465354
47.971	0.234745340407286
48.021	0.22994915550171
48.061	0.2390089400049
48.113	0.244870920626526
48.16	0.250199690840063
48.2	0.237410558980891
48.24	0.241140739803708
48.28	0.244870920626526
48.321	0.2390089400049
48.361	0.254463290437678
48.401	0.243805124910476
48.441	0.231014951217759
48.481	0.237942935922142
48.531	0.224087799980211
48.571	0.210232038938154
48.611	0.223554589572123
48.651	0.216094019559778
48.7	0.211830419962164
48.741	0.215028015477021
48.781	0.224087799980211
48.821	0.217159815275828
48.861	0.215560600784982
48.911	0.210232038938154
48.961	0.221422789773317
49.011	0.214494805068932
49.051	0.217692400583789
49.091	0.223554589572123
49.131	0.214494805068932
49.171	0.218758404666547
49.211	0.212896215678213
49.261	0.227818189169739
49.301	0.227818189169739
49.341	0.239541525312862
49.391	0.219824200382597
49.431	0.219824200382597
49.471	0.209166034855395
49.511	0.220890204465354
49.551	0.219824200382597
49.601	0.228883984885787
49.651	0.213962219760971
49.691	0.218758404666547
49.741	0.21236383873696
49.8	0.199041079736282
49.841	0.21236383873696
49.881	0.222488585489365
49.921	0.21342963445301
49.971	0.231014951217759
50.011	0.232080955300517
50.051	0.216094019559778
50.101	0.20277146892581
50.151	0.232614374075315
50.191	0.217692400583789
50.231	0.224620385288172
50.271	0.233146751016567
50.311	0.218758404666547
50.351	0.22675218508698
50.406	0.204369849949819
50.451	0.217692400583789
50.491	0.22675218508698
50.531	0.213962219760971
50.58	0.221956000181404
50.62	0.230482574276506
50.661	0.211297834654204
50.701	0.214494805068932
50.75	0.217692400583789
50.79	0.22675218508698
50.83	0.22675218508698
50.871	0.240607321028911
50.921	0.22568638937093
50.971	0.228350774477699
51.011	0.220356785690558
51.061	0.224620385288172
51.101	0.221422789773317
51.141	0.222488585489365
51.191	0.233146751016567
51.231	0.220890204465354
51.271	0.215560600784982
51.321	0.217159815275828
51.37	0.222488585489365
51.41	0.210232038938154
51.45	0.213962219760971
51.491	0.20277146892581
51.531	0.221422789773317
51.571	0.197975284020234
51.621	0.532640556394122
51.661	0.653610558016153
51.701	0.768185785341887
51.741	0.827871595640899
51.781	0.890754167987929
51.831	0.954170159109758
51.881	0.996269819177182
51.921	1.03090870086555
51.961	1.05702142519224
52.011	1.10871408017095
52.061	1.14281975145123
52.101	1.1668004676124
52.141	1.01652035451554
52.181	0.970157928317332
52.221	0.953104363393708
52.261	0.944045412357353
52.301	0.937649804594221
52.341	0.928057643149779
52.381	0.923261458244203
52.421	0.913669088433051
52.461	0.89981395249112
52.501	0.885957983082353
52.551	0.893951971869494
52.591	0.883826183283546
52.631	0.885957983082353
52.671	0.858780296506452
52.711	0.855049282216799
52.751	0.872102847140422
52.791	0.858780296506452
52.831	0.860378885897171
52.871	0.874233813472394
52.911	0.83906234647606
52.951	0.842792527298878
52.991	0.839594931784021
53.031	0.845456912405647
53.071	0.824141206451371
53.111	0.829469976664908
53.151	0.847588712204454
53.191	0.82680559155814
53.231	0.833200365854436
53.281	0.812949830516081
53.321	0.814549045006929
53.361	0.805489260503738
53.401	0.823075410735323
53.451	0.809752860101353
53.491	0.808686856018594
53.531	0.81508163031489
53.581	0.808686856018594
53.631	0.800693075598162
53.671	0.774580351271474
53.711	0.794298509668575
53.751	0.796962894775344
53.801	0.809752860101353
53.841	0.795364305384625
53.891	0.781508335975857
53.931	0.783106925366577
53.971	0.762323804720263
54.011	0.787903110272153
54.061	0.794830886609827
54.121	0.783106925366577
54.161	0.775113770046272
54.201	0.767119989625839
54.241	0.775646355354233
54.281	0.762856390028224
54.321	0.766587404317877
54.361	0.778310740461001
54.401	0.754863234707918
54.441	0.780442540259809
54.491	0.746336868979524
54.531	0.756995034506726
54.571	0.758593415530735
54.611	0.766587404317877
54.651	0.774047974330222
54.691	0.768185785341887
54.741	0.772981970247464
54.791	0.753264020217072
54.831	0.753264020217072
54.871	0.760725215329544
54.921	0.741007265299152
54.961	0.759659419613494
55.001	0.758060205122648
55.041	0.758060205122648
55.081	0.74207326938191
55.121	0.746336868979524
55.161	0.750599635110304
55.201	0.747402664695574
55.241	0.744737654488678
55.281	0.761791219412302
55.331	0.750067049802342
55.371	0.740474679991189
55.411	0.722888529759606
55.461	0.731948314262796
55.501	0.725020329558413
55.541	0.729816514463989
55.59	0.737809669784295
55.631	0.72875071874794
55.671	0.737277084476334
55.711	0.722888529759606
55.751	0.722888529759606
55.791	0.713828745256415
55.841	0.727684714665182
55.881	0.721290148735595
55.921	0.71702654913798
55.961	0.697841809515677
56.001	0.711164360149647
56.041	0.714362164031212
56.081	0.723954533842364
56.121	0.716493963830019
56.171	0.711697778924443
56.221	0.711164360149647
56.261	0.713296159948454
56.301	0.711697778924443
56.341	0.713296159948454
56.391	0.707967598101625
56.441	0.710631983208394
56.491	0.706368383610779
56.531	0.708500183409586
56.58	0.708500183409586
56.621	0.689315443787283
56.661	0.688782858479321
56.701	0.693045624610101
56.751	0.695710009716869
56.791	0.683986673573745
56.84	0.683453463165657
56.881	0.69144724358609
56.921	0.688782858479321
56.961	0.683986673573745
57.001	0.701572198705203
57.041	0.691979828894051
57.081	0.69464421400082
57.13	0.686651058680514
57.171	0.686651058680514
57.211	0.699440398906396
57.251	0.674926889070555
57.3	0.694111628692858
57.341	0.691979828894051
57.381	0.671196708247737
57.421	0.684519258881707
57.481	0.683986673573745
57.531	0.66480214231815
57.571	0.682387459082899
57.62	0.671196708247737
57.66	0.66746652742492
57.701	0.679723073976131
57.741	0.659472538637777
57.781	0.658939953329816
57.831	0.653077972708192
57.871	0.681854873774938
57.921	0.669064908448929
57.97	0.681854873774938
58.01	0.687717062763272
58.051	0.66480214231815
58.101	0.658939953329816
58.151	0.662136923744546
58.191	0.672795089271747
58.231	0.661604338436585
58.281	0.650946172909383
58.321	0.667999112732881
58.37	0.661071128028496
58.41	0.673328508046544
58.451	0.663202927827305
58.491	0.647748369027818
58.541	0.661604338436585
58.581	0.644551606979798
58.621	0.654676353732201
58.671	0.644018188205
58.721	0.650946172909383
58.771	0.661604338436585
58.811	0.654676353732201
58.851	0.631761433287081
58.891	0.653077972708192
58.941	0.649347791885374
58.981	0.650413587601422
59.021	0.654676353732201
59.061	0.638156207583376
59.101	0.653610558016153
59.141	0.638689417991463
59.181	0.647748369027818
59.221	0.65734073883897
59.261	0.653077972708192
59.301	0.644551606979798
59.351	0.641353803098231
59.4	0.641353803098231
59.44	0.619504886735869
59.481	0.64082121779027
59.521	0.635491822476607
59.561	0.624833656949406
59.601	0.62909725654702
59.641	0.645084192287759
59.681	0.62909725654702
59.721	0.629629633488272
59.771	0.642952392488952
59.811	0.64082121779027
59.861	0.626432037973415
59.91	0.642419807180989
59.951	0.631228222878991
59.991	0.630695637571031
60.031	0.625366867357494
60.071	0.618438882653111
60.111	0.614175283055496
60.151	0.624301071641444
60.191	0.629629633488272
60.231	0.612043483256689
60.271	0.636557618192657
60.311	0.630695637571031
60.351	0.613109487339446
60.391	0.623235067558687
60.431	0.62003747204383
60.471	0.621103267759878
60.511	0.609912516924717
60.56	0.618971467961072
60.601	0.621635853067839
60.651	0.614708701830293
60.691	0.62003747204383
60.731	0.598188347314756
60.771	0.598720932622719
60.821	0.608313302433869
60.861	0.607247298351113
60.901	0.60671492140986
60.951	0.625899452665455
60.991	0.619504886735869
61.031	0.619504886735869
61.071	0.622169271842637
61.111	0.608313302433869
61.151	0.600320147113565
61.191	0.626432037973415
61.231	0.628563837772224
61.271	0.60937909814992
61.311	0.602451113445537
61.351	0.599786936705476
61.391	0.607247298351113
61.431	0.601386151196323
61.471	0.611510897948726
61.521	0.616839668162265
61.561	0.592326366693132
61.611	0.601386151196323
61.661	0.594458166491939
61.701	0.607780717125909
61.751	0.622701857150598
61.791	0.595523962207989
61.831	0.602451113445537
61.871	0.598720932622719
61.911	0.589661981586363
61.961	0.594458166491939
62.001	0.597122551598708
62.041	0.600320147113565
62.081	0.590727985669121
62.131	0.59339216240918
62.171	0.601386151196323
62.211	0.602451113445537
62.251	0.604050536303091
62.301	0.597122551598708
62.341	0.599786936705476
62.381	0.610978521007474
62.431	0.596589966290747
62.471	0.599254351397515
62.521	0.607247298351113
62.561	0.598720932622719
62.601	0.602451113445537
62.646	0.604050536303091
62.691	0.59339216240918
62.74	0.593924747717143
62.781	0.59339216240918
62.831	0.579536401367123
62.881	0.580602197083173
62.921	0.590194566894325
62.97	0.592326366693132
63.01	0.590727985669121
63.05	0.594458166491939
63.091	0.564615261342434
63.131	0.577937811976404
63.171	0.58273399688198
63.211	0.589128562811567
63.251	0.574207631153586
63.291	0.581135615857969
63.331	0.583800000964738
63.371	0.585398381988749
63.42	0.584332377905991
63.46	0.584332377905991
63.501	0.586464177704798
63.551	0.579003816059162
63.6	0.581668201165931
63.64	0.579536401367123
63.681	0.567279646449203
63.721	0.588062767095517
63.771	0.578470397284365
63.821	0.581135615857969
63.861	0.557687276638051
63.901	0.582201411574019
63.941	0.572075831354779
63.981	0.589128562811567
64.021	0.566747061141242
64.071	0.584332377905991
64.111	0.580069611775211
64.151	0.577937811976404
64.192	0.571009827272021
64.233	0.56941144624801
64.273	0.566213642366445
64.313	0.563549465626385
64.354	0.563016880318423
64.394	0.553957095815233
64.444	0.573674212378789
64.485	0.573674212378789
64.525	0.576872016260355
64.566	0.571543246046817
64.606	0.569944031555971
64.647	0.57047724196406
64.688	0.57047724196406
64.731	0.559819076436858
64.78	0.556621480922001
64.82	0.561417665827577
64.861	0.563016880318423
64.901	0.562483461543627
64.951	0.551292710708464
65.001	0.574740216461547
65.041	0.566747061141242
65.081	0.568345442165252
65.121	0.554489681123194
65.161	0.577405226668443
65.201	0.565681265425192
65.25	0.552358506424514
65.29	0.564615261342434
65.331	0.564081842567638
65.371	0.565147846650395
65.411	0.582201411574019
65.451	0.561417665827577
65.501	0.560351661744819
65.541	0.549160910909657
65.581	0.561417665827577
65.631	0.577937811976404
65.681	0.555022891531282
65.731	0.552358506424514
65.78	0.553424510507272
65.82	0.551292710708464
65.86	0.550759291933668
65.901	0.547029111110849
65.951	0.564615261342434
65.991	0.548628325601696
66.041	0.558753280720809
66.081	0.559819076436858
66.131	0.547562529885646
66.181	0.531574760678072
66.221	0.562483461543627
66.261	0.548628325601696
66.301	0.555555476839243
66.351	0.544364726004081
66.401	0.544364726004081
66.441	0.527844371488546
66.481	0.55715469133009
66.521	0.547029111110849
66.561	0.54383214069612
66.601	0.549160910909657
66.651	0.549160910909657
66.691	0.553957095815233
66.731	0.531042175370111
66.771	0.554489681123194
66.811	0.564615261342434
66.851	0.568878027473213
66.891	0.545963107028092
66.931	0.55715469133009
66.971	0.544897311312042
67.011	0.539568541098505
67.051	0.551825296016425
67.091	0.561417665827577
67.131	0.550759291933668
67.171	0.567813065223999
67.211	0.557687276638051
67.251	0.559819076436858
67.291	0.539035955790544
67.331	0.541700340897312
67.371	0.563016880318423
67.411	0.545963107028092
67.451	0.565681265425192
67.491	0.560351661744819
67.541	0.555022891531282
67.581	0.553424510507272
67.631	0.545963107028092
67.671	0.553424510507272
67.721	0.551292710708464
67.761	0.550759291933668
67.801	0.550759291933668
67.851	0.542232926205274
67.901	0.527844371488546
67.951	0.549693496217618
67.991	0.53210797108616
68.031	0.528377790263342
68.071	0.528377790263342
68.111	0.529442960879265
68.161	0.538502745382455
68.21	0.524646775973689
68.25	0.534772356192929
68.29	0.546496525802888
68.331	0.541167130489224
68.38	0.537436741299698
68.421	0.527311994547294
68.461	0.543298930288031
68.511	0.53530494150089
68.561	0.535838360275687
68.601	0.544364726004081
68.651	0.539568541098505
68.691	0.547029111110849
68.731	0.520916386784162
68.771	0.533173975168918
68.811	0.525712571689738
68.851	0.527311994547294
68.901	0.527311994547294
68.941	0.517186205961344
68.981	0.528910375571304
69.021	0.519850591068113
69.07	0.517719624736142
69.11	0.513989235546615
69.15	0.531042175370111
69.19	0.528377790263342
69.23	0.528377790263342
69.271	0.520916386784162
69.321	0.523581605357766
69.361	0.51878542045219
69.401	0.521449805558959
69.451	0.511857435747807
69.491	0.525180194748485
69.54	0.51878542045219
69.581	0.52198239086692
69.63	0.513989235546615
69.671	0.52198239086692
69.721	0.529976171287353
69.761	0.518252210044102
69.811	0.52304818658297
69.851	0.528377790263342
69.891	0.51132422533972
69.941	0.512923439830565
69.981	0.527844371488546
70.021	0.517186205961344
70.071	0.518252210044102
70.121	0.517186205961344
70.171	0.519850591068113
70.22	0.526245990464535
70.261	0.523581605357766
70.301	0.51878542045219
70.351	0.519850591068113
70.401	0.513456025138526
70.45	0.527844371488546
70.49	0.513456025138526
70.53	0.516653620653383
70.571	0.516653620653383
70.62	0.507593836150192
70.66	0.524114190665728
70.701	0.525180194748485
70.741	0.513456025138526
70.781	0.531042175370111
70.821	0.517719624736142
70.861	0.499067470421798
70.901	0.502797651244617
70.941	0.51878542045219
70.981	0.511857435747807
71.021	0.507593836150192
71.061	0.515054406162537
71.111	0.510791640031759
71.151	0.499600889196596
71.191	0.499600889196596
71.231	0.516120410245296
71.271	0.516120410245296
71.311	0.499600889196596
71.351	0.50865984023295
71.391	0.50865984023295
71.431	0.512923439830565
71.471	0.495869874906943
71.511	0.509193259007748
71.561	0.491606900409454
71.601	0.507061250842231
71.641	0.510791640031759
71.681	0.487343300811839
71.721	0.500665851445809
71.771	0.495869874906943
71.821	0.515054406162537
71.871	0.494271285516222
71.911	0.500133474504556
71.97	0.502797651244617
72.01	0.507061250842231
72.051	0.501199270220607
72.101	0.494271285516222
72.15	0.51132422533972
72.191	0.513989235546615
72.24	0.489475100610648
72.281	0.49800167470575
72.331	0.501199270220607
72.381	0.495869874906943
72.421	0.504929451043424
72.461	0.492139485717415
72.501	0.492672904492213
72.551	0.509725635949
72.601	0.517719624736142
72.641	0.474554168952667
72.69	0.490541104693404
72.731	0.504397074102172
72.771	0.493738700208261
72.811	0.513989235546615
72.851	0.484678915705071
72.891	0.485744919787828
72.931	0.49640308531503
72.981	0.485212334479867
73.021	0.499067470421798
73.061	0.49640308531503
73.101	0.492139485717415
73.15	0.480948734882254
73.19	0.480948734882254
73.23	0.481481320190215
73.271	0.482014738965011
73.32	0.497469089397789
73.361	0.490008519385443
73.401	0.502265274303365
73.441	0.479882939166204
73.481	0.487343300811839
73.531	0.49533728959898
73.571	0.517719624736142
73.611	0.490541104693404
73.651	0.499067470421798
73.701	0.487876719586637
73.741	0.487876719586637
73.781	0.479882939166204
73.831	0.476685135284639
73.881	0.485744919787828
73.926	0.503863655327374
73.971	0.492672904492213
74.011	0.484146538763819
74.061	0.480416149574291
74.111	0.484146538763819
74.161	0.493205489800174
74.201	0.504929451043424
74.241	0.502265274303365
74.281	0.467626184248284
74.321	0.478284349775485
74.361	0.480416149574291
74.401	0.480416149574291
74.441	0.464428380366717
74.481	0.464428380366717
74.521	0.479882939166204
74.571	0.485744919787828
74.611	0.491606900409454
74.661	0.476685135284639
74.701	0.46229658056791
74.741	0.475619964668715
74.781	0.49640308531503
74.83	0.479350353858243
74.87	0.465494384449476
74.91	0.465494384449476
74.951	0.491073690001367
74.991	0.478284349775485
75.031	0.476685135284639
75.071	0.472954954461821
75.111	0.472954954461821
75.151	0.477751139367397
75.191	0.468691979964332
75.231	0.468691979964332
75.281	0.470823779763139
75.331	0.487876719586637
75.38	0.501731855528567
75.42	0.477218554059435
75.461	0.479350353858243
75.501	0.469224565272293
75.55	0.472954954461821
75.59	0.458566399745093
75.631	0.478816935083445
75.681	0.478816935083445
75.721	0.468158769556245
75.761	0.471356365071102
75.811	0.468691979964332
75.851	0.470290569355052
75.891	0.469224565272293
75.937	0.461764203626658
75.981	0.480948734882254
76.021	0.49533728959898
76.061	0.484146538763819
76.101	0.472954954461821
76.141	0.444711263803162
76.191	0.467626184248284
76.231	0.475619964668715
76.271	0.475619964668715
76.311	0.481481320190215
76.351	0.484678915705071
76.401	0.451639248507545
76.441	0.478284349775485
76.481	0.4606981995439
76.521	0.483613119989022
76.561	0.466560180165526
76.611	0.484678915705071
76.661	0.483080534681061
76.711	0.459632403827851
76.751	0.463362584650669
76.791	0.467626184248284
76.831	0.45909981851989
76.871	0.480948734882254
76.911	0.480948734882254
76.961	0.474554168952667
77.001	0.453237629531556
77.041	0.465494384449476
77.081	0.471888950379063
77.131	0.458566399745093
77.171	0.479350353858243
77.22	0.481481320190215
77.261	0.451105829732747
77.301	0.45909981851989
77.35	0.459632403827851
77.391	0.456435433413121
77.441	0.463896003425465
77.49	0.460165614235939
77.531	0.478816935083445
77.581	0.46229658056791
77.621	0.45909981851989
77.661	0.44737564890993
77.711	0.47242236915386
77.751	0.453237629531556
77.791	0.453237629531556
77.831	0.460165614235939
77.881	0.435651479299971
77.921	0.444177845028365
77.961	0.453770214839517
78.001	0.476152549976678
78.041	0.471356365071102
78.081	0.476685135284639
78.121	0.476685135284639
78.17	0.454303633614314
78.211	0.455369429330363
78.261	0.458033814437132
78.301	0.449507448708738
78.341	0.469224565272293
78.381	0.449507448708738
78.421	0.449507448708738
78.461	0.44577726788592
78.501	0.456968018721082
78.551	0.439381660122789
78.6	0.461764203626658
78.64	0.446843063601969
78.681	0.445243849111123
78.721	0.472954954461821
78.761	0.442046878696393
78.811	0.436184898074768
78.851	0.454303633614314
78.891	0.437783279098778
78.931	0.440447664205547
78.971	0.451639248507545
79.011	0.456968018721082
79.051	0.440447664205547
79.091	0.452704419123467
79.131	0.435651479299971
79.171	0.461764203626658
79.211	0.446843063601969
79.251	0.439381660122789
79.291	0.431921298477153
79.331	0.439915078897586
79.371	0.44737564890993
79.411	0.449507448708738
79.451	0.439915078897586
79.5	0.457500395662334
79.54	0.458566399745093
79.581	0.451105829732747
79.631	0.446309644827171
79.671	0.43831586440674
79.711	0.440981082980344
79.751	0.436184898074768
79.791	0.428190909287627
79.831	0.455902014638323
79.886	0.450573244424787
79.931	0.456968018721082
79.971	0.444177845028365
80.011	0.44577726788592
80.061	0.441513459921597
80.111	0.452704419123467
80.151	0.45909981851989
80.201	0.436717483382729
80.251	0.437250693790817
80.3	0.430322709086434
80.34	0.431388713169192
80.381	0.446843063601969
80.431	0.437783279098778
80.48	0.452704419123467
80.52	0.451639248507545
80.561	0.444711263803162
80.601	0.43511889399201
80.651	0.44737564890993
80.691	0.427125113571577
80.731	0.447908234217892
80.771	0.446309644827171
80.811	0.447908234217892
80.851	0.437783279098778
80.891	0.430322709086434
80.941	0.436717483382729
80.981	0.44577726788592
81.021	0.461764203626658
81.07	0.44737564890993
81.111	0.44737564890993
81.151	0.43405309827596
81.191	0.447908234217892
81.231	0.436184898074768
81.281	0.459632403827851
81.321	0.427657698879538
81.361	0.427657698879538
81.401	0.437250693790817
81.45	0.43511889399201
81.491	0.427125113571577
81.531	0.438849283181536
81.571	0.434585683583922
81.611	0.432987094193202
81.651	0.436717483382729
81.691	0.419131124784436
81.731	0.428723494595588
81.781	0.423394724382051
81.821	0.43511889399201
81.87	0.443112049312316
81.911	0.429256913370384
81.961	0.432987094193202
82.001	0.436717483382729
82.051	0.428190909287627
82.101	0.440447664205547
82.141	0.426059109488819
82.181	0.415400943961618
82.221	0.422861513973962
82.261	0.432987094193202
82.301	0.425526524180858
82.341	0.431921298477153
82.381	0.419664543559233
82.421	0.42499331377277
82.461	0.414335148245568
82.501	0.440447664205547
82.55	0.443645468087112
82.59	0.419664543559233
82.63	0.427657698879538
82.67	0.427657698879538
82.711	0.41326914416281
82.751	0.4116707631388
82.791	0.4116707631388
82.831	0.441513459921597
82.871	0.422861513973962
82.911	0.420197128867194
82.951	0.422328928666001
82.991	0.42179634335804
83.031	0.415934362736414
83.08	0.423927309690012
83.121	0.423927309690012
83.161	0.429256913370384
83.21	0.421262924583243
83.251	0.419664543559233
83.291	0.409006378032031
83.331	0.421262924583243
83.371	0.417532743760425
83.411	0.4116707631388
83.46	0.427657698879538
83.501	0.415934362736414
83.541	0.407407788641312
83.581	0.403144189043697
83.621	0.405808574150466
83.661	0.42073054764199
83.701	0.39834821250483
83.741	0.423927309690012
83.781	0.411138177830839
83.821	0.406341992925263
83.861	0.419664543559233
83.901	0.422328928666001
83.941	0.425526524180858
83.981	0.430322709086434
84.021	0.41326914416281
84.061	0.425526524180858
84.111	0.421262924583243
84.151	0.428190909287627
84.201	0.430322709086434
84.251	0.441513459921597
84.291	0.42073054764199
84.331	0.421262924583243
84.381	0.415400943961618
84.431	0.408472959257235
84.486	0.415400943961618
84.531	0.41326914416281
84.581	0.416466948044376
84.621	0.417000158452464
84.661	0.42499331377277
84.701	0.417532743760425
84.741	0.40101238924489
84.79	0.39781562719687
84.83	0.410604759056042
84.87	0.403676774351659
84.91	0.402078393327648
84.951	0.410604759056042
85.0	0.406341992925263
85.04	0.402078393327648
85.081	0.414335148245568
85.121	0.407407788641312
85.161	0.407407788641312
85.201	0.399414008220879
85.251	0.417000158452464
85.291	0.404742778434416
85.331	0.40101238924489
85.381	0.408472959257235
85.421	0.396216412706022
85.461	0.400480012303637
85.501	0.398880589446083
85.541	0.400480012303637
85.591	0.406341992925263
85.641	0.39834821250483
85.69	0.415400943961618
85.741	0.385558038812113
85.791	0.408472959257235
85.831	0.4116707631388
85.881	0.417000158452464
85.921	0.405808574150466
85.971	0.395683827398061
86.011	0.408472959257235
86.061	0.41326914416281
86.101	0.407940373949273
86.141	0.388223257385717
86.181	0.404210193126455
86.221	0.406341992925263
86.261	0.399414008220879
86.301	0.396216412706022
86.341	0.392486023516496
86.381	0.422861513973962
86.431	0.409538963339992
86.471	0.417000158452464
86.531	0.403144189043697
86.58	0.390354223717689
86.621	0.395683827398061
86.671	0.409538963339992
86.721	0.409538963339992
86.761	0.412203973546888
86.801	0.405808574150466
86.85	0.395150408623265
86.89	0.389288428001639
86.931	0.407940373949273
86.981	0.405808574150466
87.021	0.394084404540507
87.061	0.410604759056042
87.111	0.386624042894872
87.151	0.395150408623265
87.201	0.39834821250483
87.241	0.398880589446083
87.281	0.386624042894872
87.321	0.389821638409727
87.37	0.405275988842505
87.411	0.401545808019687
87.451	0.402078393327648
87.501	0.389821638409727
87.541	0.405275988842505
87.581	0.399414008220879
87.621	0.408472959257235
87.661	0.389288428001639
87.701	0.405275988842505
87.741	0.381295272681333
87.781	0.395150408623265
87.821	0.389821638409727
87.861	0.372768906952939
87.911	0.403144189043697
87.951	0.410072173748081
87.991	0.390887642492485
88.031	0.398880589446083
88.071	0.39994659352884
88.111	0.391420227800446
88.17	0.403144189043697
88.211	0.386624042894872
88.261	0.394084404540507
88.301	0.380761853906537
88.341	0.380229476965285
88.381	0.399414008220879
88.421	0.389288428001639
88.461	0.404210193126455
88.501	0.394617823315303
88.551	0.39781562719687
88.591	0.377031673083719
88.631	0.380761853906537
88.671	0.380761853906537
88.711	0.387157253302959
88.751	0.403144189043697
88.791	0.382361276764091
88.841	0.389821638409727
88.89	0.39994659352884
88.931	0.380761853906537
88.971	0.386091457586909
89.011	0.402078393327648
89.061	0.402078393327648
89.11	0.397282208422072
89.15	0.392486023516496
89.19	0.390354223717689
89.23	0.391953438208535
89.27	0.381827857989295
89.31	0.379163472882526
89.35	0.407407788641312
89.39	0.393552027599254
89.43	0.395150408623265
89.47	0.394617823315303
89.51	0.37436728797695
89.55	0.385558038812113
89.59	0.395150408623265
89.63	0.375433292059708
89.67	0.38768983861092
89.71	0.378630887574565
89.751	0.390354223717689
89.801	0.386091457586909
89.851	0.380229476965285
89.901	0.38768983861092
89.941	0.381827857989295
89.981	0.383959657788102
90.021	0.369571103071374
90.07	0.388755842693678
90.121	0.387157253302959
90.161	0.385025453504151
90.21	0.402611812102444
90.251	0.411138177830839
90.291	0.391953438208535
90.331	0.376499087775757
90.371	0.359978733260222
90.417	0.37436728797695
90.46	0.391420227800446
90.5	0.398880589446083
90.54	0.401545808019687
90.581	0.394617823315303
90.63	0.383427072480141
90.671	0.377565091858515
90.711	0.389821638409727
90.751	0.373834702668989
90.801	0.385558038812113
90.841	0.380229476965285
90.881	0.377565091858515
90.921	0.372235488178143
90.961	0.366373507556517
91.011	0.369571103071374
91.051	0.381295272681333
91.091	0.378630887574565
91.131	0.365307503473759
91.181	0.370103688379335
91.221	0.369571103071374
91.261	0.379163472882526
91.31	0.390354223717689
91.351	0.369038517763413
91.391	0.386624042894872
91.431	0.379163472882526
91.48	0.371702902870181
91.521	0.371702902870181
91.561	0.381295272681333
91.61	0.376499087775757
91.651	0.377565091858515
91.691	0.370103688379335
91.731	0.374899873284911
91.771	0.367439303272567
91.811	0.371169692462093
91.851	0.375433292059708
91.901	0.364774918165798
91.941	0.373834702668989
91.991	0.376499087775757
92.031	0.371169692462093
92.071	0.367972722047363
92.111	0.378097468799768
92.161	0.365307503473759
92.201	0.366373507556517
92.241	0.366906717964606
92.281	0.379696058190487
92.326	0.368505307355326
92.371	0.381295272681333
92.411	0.367972722047363
92.46	0.373301492260902
92.501	0.371702902870181
92.551	0.381295272681333
92.591	0.375433292059708
92.631	0.376499087775757
92.671	0.372768906952939
92.711	0.366373507556517
92.751	0.380761853906537
92.801	0.383959657788102
92.841	0.381295272681333
92.881	0.366906717964606
92.931	0.39994659352884
92.975	0.373301492260902
93.021	0.36370912244975
93.071	0.36211053305903
93.111	0.374899873284911
93.151	0.359446356318969
93.191	0.386624042894872
93.231	0.371702902870181
93.271	0.362643118366991
93.311	0.365840922248556
93.351	0.37436728797695
93.391	0.355182756721356
93.431	0.37436728797695
93.471	0.387157253302959
93.511	0.371702902870181
93.551	0.377031673083719
93.591	0.359446356318969
93.631	0.367972722047363
93.671	0.359978733260222
93.711	0.385558038812113
93.761	0.369038517763413
93.821	0.385025453504151
93.861	0.358380352236213
93.901	0.377031673083719
93.941	0.365307503473759
93.981	0.375433292059708
94.021	0.362643118366991
94.061	0.366373507556517
94.11	0.367439303272567
94.15	0.371169692462093
94.191	0.360511318568183
94.231	0.346656182626252
94.286	0.362643118366991
94.33	0.37436728797695
94.371	0.370637107154132
94.411	0.359446356318969
94.461	0.359446356318969
94.501	0.36104473734298
94.541	0.366906717964606
94.591	0.351984952839789
94.631	0.36211053305903
94.671	0.362643118366991
94.711	0.359978733260222
94.751	0.353584167330637
94.801	0.350919157123741
94.861	0.359978733260222
94.91	0.36104473734298
94.951	0.356248552437404
95.001	0.352518371614587
95.041	0.345057801602243
95.09	0.358912937544174
95.13	0.353584167330637
95.17	0.356781137745365
95.21	0.35038657181578
95.251	0.356781137745365
95.301	0.346122972218165
95.341	0.350919157123741
95.391	0.361577322650941
95.431	0.35038657181578
95.471	0.348254772016971
95.511	0.364242541224545
95.551	0.359978733260222
95.591	0.361577322650941
95.641	0.375433292059708
95.681	0.354650171413393
95.721	0.354116752638597
95.766	0.356248552437404
95.811	0.367439303272567
95.861	0.34878798242506
95.901	0.367972722047363
95.941	0.362643118366991
95.981	0.367972722047363
96.031	0.338662402205819
96.071	0.351452367531828
96.121	0.36370912244975
96.161	0.355715133662608
96.211	0.351452367531828
96.251	0.346122972218165
96.291	0.357846933461415
96.341	0.35038657181578
96.391	0.356248552437404
96.431	0.360511318568183
96.486	0.372768906952939
96.531	0.367972722047363
96.571	0.329070032394669
96.611	0.345057801602243
96.651	0.36104473734298
96.691	0.345590386910204
96.731	0.353584167330637
96.771	0.351984952839789
96.821	0.354650171413393
96.861	0.355715133662608
96.91	0.342392583028639
96.951	0.356248552437404
97.001	0.351452367531828
97.041	0.347188767934213
97.081	0.364242541224545
97.121	0.354116752638597
97.166	0.335465431791091
97.211	0.338129816897858
97.261	0.337596398123062
97.301	0.352518371614587
97.341	0.337596398123062
97.383	0.365307503473759
97.423	0.346656182626252
97.464	0.345057801602243
97.505	0.330136036477426
97.547	0.33706402118181
97.587	0.341326787312589
97.628	0.346656182626252
97.669	0.354116752638597
97.711	0.356781137745365
97.761	0.34878798242506
97.801	0.343991797519484
97.841	0.331734417501436
97.891	0.354650171413393
97.931	0.338129816897858
97.981	0.346122972218165
98.021	0.36104473734298
98.061	0.347188767934213
98.101	0.34878798242506
98.141	0.344524382827445
98.181	0.343991797519484
98.221	0.357314556520163
98.261	0.335998017099052
98.301	0.333866217300245
98.341	0.338662402205819
98.381	0.341859997720676
98.421	0.336530602407012
98.461	0.332800421584195
98.501	0.365307503473759
98.55	0.36370912244975
98.591	0.347722186709011
98.631	0.335998017099052
98.681	0.33706402118181
98.721	0.33706402118181
98.771	0.348254772016971
98.821	0.355182756721356
98.861	0.351452367531828
98.901	0.33706402118181
98.941	0.325339851571851
98.981	0.336530602407012
99.021	0.349320567733021
99.061	0.330136036477426
99.101	0.32693823259586
99.151	0.346656182626252
99.202	0.322142047690284
99.247	0.328537447086706
99.289	0.329603451169465
99.33	0.341326787312589
99.371	0.340794202004628
99.421	0.333866217300245
99.461	0.340261616696667
99.501	0.315214896452736
99.541	0.332267836276234
99.581	0.327471651370658
99.621	0.332267836276234
99.67	0.334399636075041
99.71	0.357314556520163
99.75	0.341859997720676
99.79	0.337596398123062
99.83	0.332800421584195
99.871	0.328004236678619
99.921	0.333333631992282
99.97	0.33706402118181
100.01	0.338129816897858
100.05	0.330669246885515
100.091	0.321609462382323
100.131	0.330136036477426
100.181	0.325339851571851
100.23	0.315214896452736
100.271	0.336530602407012
100.331	0.31308309665393
100.371	0.329603451169465
100.411	0.308286911748354
100.451	0.323208051773043
100.491	0.325872436879812
100.531	0.333866217300245
100.581	0.343458587111395
100.621	0.347188767934213
100.661	0.341859997720676
100.701	0.342926001803434
100.741	0.353584167330637
100.781	0.335998017099052
100.821	0.349320567733021
100.861	0.331201832193475
100.911	0.329603451169465
100.961	0.334399636075041
101.001	0.334932221383002
101.041	0.331201832193475
101.081	0.329070032394669
101.121	0.332800421584195
101.161	0.339728197921869
101.201	0.318411866867467
101.241	0.339195820980617
101.281	0.327471651370658
101.331	0.342926001803434
101.381	0.35038657181578
101.421	0.355715133662608
101.471	0.351984952839789
101.511	0.351452367531828
101.561	0.329070032394669
101.601	0.332800421584195
101.661	0.344524382827445
101.701	0.32693823259586
101.741	0.34878798242506
101.79	0.342926001803434
101.83	0.329603451169465
101.87	0.334932221383002
101.921	0.332800421584195
101.961	0.344524382827445
102.01	0.349320567733021
102.05	0.341326787312589
102.09	0.321076251974236
102.131	0.335998017099052
102.181	0.330669246885515
102.221	0.320011081358312
102.27	0.322675466465082
102.31	0.334932221383002
102.35	0.336530602407012
102.39	0.333333631992282
102.431	0.317879281559506
102.471	0.330669246885515
102.521	0.332267836276234
102.571	0.331201832193475
102.62	0.339728197921869
102.66	0.343991797519484
102.7	0.329070032394669
102.74	0.325872436879812
102.781	0.340794202004628
102.821	0.332267836276234
102.87	0.341859997720676
102.911	0.333333631992282
102.96	0.346656182626252
103.0	0.338129816897858
103.04	0.323208051773043
103.091	0.320543666666275
103.131	0.333333631992282
103.18	0.336530602407012
103.221	0.319477662583517
103.27	0.322142047690284
103.31	0.326405647287899
103.351	0.318945285642264
103.41	0.321076251974236
103.451	0.308819497056314
103.5	0.32374126218113
103.54	0.331201832193475
103.58	0.328004236678619
103.621	0.318411866867467
103.671	0.320011081358312
103.73	0.309885501139073
103.771	0.303490726842777
103.811	0.302424931126729
103.851	0.331201832193475
103.901	0.334399636075041
103.941	0.312017300937881
103.991	0.32374126218113
104.041	0.324273847489093
104.081	0.31308309665393
104.121	0.330669246885515
104.17	0.324273847489093
104.21	0.324807266263889
104.251	0.306687697257508
104.291	0.30295751643469
104.341	0.31468147767794
104.39	0.315214896452736
104.43	0.332800421584195
104.471	0.319477662583517
104.521	0.32374126218113
104.561	0.310951296855123
104.601	0.333333631992282
104.641	0.33706402118181
104.681	0.325872436879812
104.721	0.325339851571851
104.761	0.320011081358312
104.801	0.321609462382323
104.841	0.307221116032305
104.881	0.301891512351932
104.921	0.330669246885515
104.971	0.322675466465082
105.02	0.337596398123062
105.06	0.320543666666275
105.1	0.317345862784708
105.14	0.314149100736688
105.181	0.312549677879132
105.221	0.318945285642264
105.261	0.31628006706866
105.301	0.333866217300245
105.351	0.320011081358312
105.401	0.311483882163084
105.451	0.321609462382323
105.491	0.312017300937881
105.531	0.332267836276234
105.571	0.324273847489093
105.611	0.320011081358312
105.651	0.332267836276234
105.691	0.321609462382323
105.731	0.325872436879812
105.78	0.329070032394669
105.82	0.330136036477426
105.86	0.307221116032305
105.9	0.309352915831112
105.941	0.342926001803434
105.991	0.325872436879812
106.031	0.322142047690284
106.081	0.322142047690284
106.121	0.328004236678619
106.161	0.320543666666275
106.201	0.335465431791091
106.241	0.316813485843456
106.281	0.322675466465082
106.321	0.330136036477426
106.361	0.316813485843456
106.411	0.328537447086706
106.451	0.334932221383002
106.5	0.322675466465082
106.54	0.324807266263889
106.581	0.323208051773043
106.63	0.318945285642264
106.67	0.331734417501436
106.71	0.334399636075041
106.75	0.325339851571851
106.79	0.312549677879132
106.83	0.336530602407012
106.871	0.317879281559506
106.921	0.315747481760699
106.961	0.319477662583517
107.001	0.332267836276234
107.041	0.321609462382323
107.09	0.318945285642264
107.131	0.335998017099052
107.171	0.301891512351932
107.22	0.309352915831112
107.261	0.323208051773043
107.311	0.317345862784708
107.361	0.309352915831112
107.401	0.312549677879132
107.441	0.311483882163084
107.481	0.317345862784708
107.521	0.321609462382323
107.561	0.301358927043971
107.601	0.314149100736688
107.641	0.326405647287899
107.681	0.331734417501436
107.721	0.30295751643469
107.765	0.311483882163084
107.811	0.319477662583517
107.86	0.308819497056314
107.9	0.308286911748354
107.94	0.325872436879812
107.98	0.332267836276234
108.021	0.312549677879132
108.061	0.300826550102718
108.101	0.289102380492759
108.15	0.276312206800042
108.191	0.301891512351932
108.231	0.31041871154716
108.271	0.312017300937881
108.32	0.297628746221153
108.36	0.304556730925536
108.4	0.275779829858789
108.45	0.308819497056314
108.491	0.31041871154716
108.531	0.315747481760699
108.581	0.316813485843456
108.631	0.312549677879132
108.671	0.290168176208808
108.721	0.308286911748354
108.761	0.312549677879132
108.801	0.31041871154716
108.841	0.308819497056314
108.881	0.318411866867467
108.921	0.315747481760699
108.971	0.309352915831112
109.011	0.301891512351932
109.061	0.311483882163084
109.101	0.31628006706866
109.141	0.299227127245162
109.181	0.322142047690284
109.231	0.308819497056314
109.281	0.294964361114384
109.321	0.312017300937881
109.361	0.31041871154716
109.401	0.301358927043971
109.441	0.308819497056314
109.481	0.29976054601996
109.521	0.304023312150738
109.561	0.300293131327921
109.601	0.297095327446356
109.641	0.300293131327921
109.681	0.305622526641586
109.721	0.292832561315577
109.761	0.307753701340266
109.81	0.308819497056314
109.851	0.297095327446356
109.901	0.297628746221153
109.941	0.292832561315577
109.981	0.317345862784708
110.03	0.29976054601996
110.07	0.304556730925536
110.121	0.321609462382323
110.161	0.294964361114384
110.201	0.306155111949547
110.241	0.305089316233497
110.281	0.31361568196189
110.321	0.291766765599527
110.361	0.322142047690284
110.401	0.322142047690284
110.45	0.312549677879132
110.49	0.302424931126729
110.531	0.31041871154716
110.58	0.310951296855123
110.62	0.312017300937881
110.66	0.316813485843456
110.7	0.308819497056314
110.741	0.31041871154716
110.781	0.322142047690284
110.821	0.312017300937881
110.861	0.317879281559506
110.911	0.321076251974236
110.961	0.306155111949547
111.001	0.306155111949547
111.041	0.308819497056314
111.081	0.31308309665393
111.121	0.307221116032305
111.161	0.298694541937201
111.201	0.307753701340266
111.241	0.315747481760699
111.281	0.306155111949547
111.321	0.304023312150738
111.361	0.304023312150738
111.401	0.305622526641586
111.441	0.304023312150738
111.481	0.291766765599527
111.521	0.31361568196189
111.561	0.304556730925536
111.601	0.31468147767794
111.641	0.28963496580072
111.69	0.291766765599527
111.73	0.284838780895144
111.771	0.296030365197142
111.821	0.31041871154716
111.871	0.293365146623538
111.921	0.282706981096337
111.97	0.294964361114384
112.01	0.292832561315577
112.051	0.288568961717962
112.091	0.288568961717962
112.131	0.298161331529114
112.171	0.301358927043971
112.221	0.315214896452736
112.261	0.300826550102718
112.301	0.297095327446356
112.341	0.30295751643469
112.381	0.307221116032305
112.421	0.325872436879812
112.461	0.307753701340266
112.51	0.308286911748354
112.55	0.296030365197142
112.59	0.31308309665393
112.63	0.305622526641586
112.67	0.31361568196189
112.711	0.297095327446356
112.761	0.296562742138395
112.801	0.282174395788375
112.841	0.285371991303232
112.881	0.285371991303232
112.921	0.294964361114384
112.961	0.288036376410001
113.001	0.299227127245162
113.041	0.296030365197142
113.081	0.292832561315577
113.121	0.276845625574838
113.161	0.276845625574838
113.201	0.291234180291566
113.241	0.291234180291566
113.281	0.291234180291566
113.321	0.287503166001913
113.361	0.266720045355598
113.401	0.284306195587183
113.451	0.280042595989568
113.5	0.290168176208808
113.54	0.280575806397656
113.58	0.291234180291566
113.621	0.274713825776031
113.661	0.29976054601996
113.701	0.280042595989568
113.741	0.283240191504425
113.781	0.274713825776031
113.821	0.273114611285185
113.861	0.276312206800042
113.911	0.278444006598849
113.951	0.292299142540779
113.991	0.276312206800042
114.031	0.286970580693951
114.071	0.26405566024883
114.111	0.284306195587183
114.151	0.290700761516769
114.201	0.298694541937201
114.241	0.298694541937201
114.281	0.288036376410001
114.321	0.274713825776031
114.371	0.289102380492759
114.411	0.27897659190681
114.46	0.281108391705618
114.5	0.283772776812386
114.54	0.290168176208808
114.581	0.282706981096337
114.63	0.28643799538599
114.671	0.283240191504425
114.711	0.281108391705618
114.76	0.28963496580072
114.801	0.286970580693951
114.851	0.275246411083992
114.9	0.268851845154405
114.94	0.277378210882799
114.98	0.285904576611193
115.02	0.273114611285185
115.06	0.276312206800042
115.1	0.281108391705618
115.14	0.294964361114384
115.18	0.278444006598849
115.231	0.269384430462367
115.281	0.292299142540779
115.321	0.274713825776031
115.37	0.288036376410001
115.41	0.283240191504425
115.45	0.270450226178416
115.491	0.272582025977224
115.541	0.26245707085811
115.59	0.274713825776031
115.63	0.304556730925536
115.67	0.288568961717962
115.711	0.277378210882799
115.751	0.280042595989568
115.791	0.294430942339588
115.841	0.282706981096337
115.881	0.265121455964879
115.931	0.284838780895144
115.98	0.27897659190681
116.021	0.284838780895144
116.061	0.277378210882799
116.101	0.277910796190761
116.141	0.277378210882799
116.181	0.284838780895144
116.221	0.28643799538599
116.261	0.290700761516769
116.311	0.292832561315577
116.361	0.283772776812386
116.401	0.273114611285185
116.441	0.268851845154405
116.491	0.296030365197142
116.531	0.276845625574838
116.571	0.278444006598849
116.621	0.282174395788375
116.671	0.291766765599527
116.711	0.291766765599527
116.761	0.258726056568457
116.811	0.276312206800042
116.851	0.292299142540779
116.891	0.275246411083992
116.931	0.277378210882799
116.981	0.292299142540779
117.021	0.275779829858789
117.07	0.261391275142061
117.111	0.274180407001234
117.151	0.284838780895144
117.2	0.285904576611193
117.24	0.270450226178416
117.28	0.26405566024883
117.321	0.276845625574838
117.361	0.268851845154405
117.401	0.275779829858789
117.45	0.270983644953213
117.491	0.285371991303232
117.541	0.273648030059981
117.581	0.280575806397656
117.621	0.296562742138395
117.661	0.273648030059981
117.701	0.286970580693951
117.741	0.287503166001913
117.781	0.276312206800042
117.831	0.276312206800042
117.871	0.278444006598849
117.911	0.276312206800042
117.951	0.26245707085811
117.991	0.272049440669262
118.031	0.279510010681607
118.071	0.266720045355598
118.111	0.279510010681607
118.151	0.278444006598849
118.191	0.26405566024883
118.231	0.265121455964879
118.271	0.281641810480414
118.311	0.276312206800042
118.351	0.273114611285185
118.401	0.277378210882799
118.441	0.280575806397656
118.481	0.263522241474033
118.531	0.259259475343254
118.571	0.277378210882799
118.621	0.26245707085811
118.661	0.287503166001913
118.701	0.263522241474033
118.741	0.254995875745639
118.781	0.258726056568457
118.831	0.286970580693951
118.871	0.275246411083992
118.911	0.270450226178416
118.951	0.276312206800042
119.001	0.281641810480414
119.041	0.253397494721628
119.081	0.258726056568457
119.121	0.267253255763686
119.171	0.269917640870455
119.221	0.26565404127284
119.271	0.269917640870455
119.311	0.274180407001234
119.36	0.276845625574838
119.4	0.272582025977224
119.44	0.265121455964879
119.481	0.266187460047637
119.531	0.258726056568457
119.571	0.261923860450022
119.611	0.258193471260496
119.651	0.266187460047637
119.7	0.251798905330909
119.74	0.259259475343254
119.781	0.275779829858789
119.83	0.276312206800042
119.871	0.253397494721628
119.92	0.270450226178416
119.96	0.266187460047637
120.0	0.260325271059303
120.041	0.247535305733294
120.091	0.272582025977224
120.131	0.280042595989568
120.181	0.269917640870455
120.221	0.260325271059303
120.27	0.284838780895144
120.31	0.26245707085811
120.351	0.266187460047637
120.391	0.266720045355598
120.441	0.281641810480414
120.481	0.277910796190761
120.531	0.265121455964879
120.571	0.256061671461688
120.621	0.293365146623538
120.671	0.267785841071648
120.711	0.286970580693951
120.751	0.264588245556791
120.801	0.274713825776031
120.841	0.254995875745639
120.881	0.277378210882799
120.941	0.268851845154405
120.981	0.288568961717962
121.031	0.284306195587183
121.08	0.290700761516769
121.121	0.272049440669262
121.17	0.270983644953213
121.21	0.265121455964879
121.251	0.265121455964879
121.301	0.276312206800042
121.351	0.279510010681607
121.391	0.262989656166072
121.431	0.268851845154405
121.481	0.270450226178416
121.531	0.273648030059981
121.58	0.282706981096337
121.621	0.27897659190681
121.67	0.273648030059981
121.71	0.272049440669262
121.751	0.272582025977224
121.801	0.251265694922821
121.851	0.27897659190681
121.901	0.265121455964879
121.941	0.276845625574838
121.981	0.295496946422345
122.031	0.270983644953213
122.071	0.271516230261174
122.12	0.266720045355598
122.17	0.269917640870455
122.21	0.273114611285185
122.25	0.245936924709284
122.29	0.254463290437678
122.33	0.259792060651215
122.37	0.245936924709284
122.411	0.267253255763686
122.46	0.268318426379609
122.501	0.270450226178416
122.551	0.251265694922821
122.6	0.267785841071648
122.64	0.250733109614861
122.68	0.266720045355598
122.72	0.269917640870455
122.76	0.271516230261174
122.8	0.291234180291566
122.841	0.270450226178416
122.881	0.26565404127284
122.931	0.255529294520435
122.971	0.266187460047637
123.021	0.274180407001234
123.071	0.281641810480414
123.111	0.273114611285185
123.151	0.281108391705618
123.201	0.26405566024883
123.241	0.253397494721628
123.291	0.273648030059981
123.331	0.273648030059981
123.381	0.259259475343254
123.421	0.280042595989568
123.461	0.264588245556791
123.51	0.26245707085811
123.551	0.268851845154405
123.601	0.259259475343254
123.651	0.260857856367264
123.7	0.272049440669262
123.74	0.268318426379609
123.78	0.249133686757305
123.82	0.248068724508091
123.861	0.256595090236485
123.901	0.265121455964879
123.941	0.266187460047637
123.991	0.266720045355598
124.04	0.259259475343254
124.08	0.241140739803708
124.12	0.239541525312862
124.16	0.261391275142061
124.201	0.245403505934487
124.241	0.258726056568457
124.281	0.256595090236485
124.331	0.249133686757305
124.371	0.249133686757305
124.42	0.236877140206093
124.461	0.248068724508091
124.511	0.236877140206093
124.551	0.243272539602515
124.601	0.239541525312862
124.651	0.232614374075315
124.701	0.244870920626526
124.741	0.24007473572095
124.781	0.236877140206093
124.831	0.266187460047637
124.881	0.261391275142061
124.931	0.250199690840063
124.971	0.253397494721628
125.02	0.25233149063887
125.061	0.272049440669262
125.101	0.273114611285185
125.151	0.252864909413667
125.191	0.263522241474033
125.241	0.253929871662881
125.281	0.253397494721628
125.33	0.270983644953213
125.371	0.251265694922821
125.42	0.269917640870455
125.46	0.283240191504425
125.501	0.273114611285185
125.551	0.256061671461688
125.591	0.259259475343254
125.641	0.270450226178416
125.681	0.262989656166072
125.721	0.26565404127284
125.761	0.247002720425333
125.801	0.258726056568457
125.841	0.252864909413667
125.881	0.254995875745639
125.921	0.265121455964879
125.971	0.254995875745639
126.02	0.268318426379609
126.061	0.256595090236485
126.101	0.247002720425333
126.141	0.242206535519757
126.19	0.231014951217759
126.23	0.241140739803708
126.27	0.245936924709284
126.311	0.260857856367264
126.361	0.26565404127284
126.401	0.253397494721628
126.441	0.261391275142061
126.481	0.251798905330909
126.521	0.251265694922821
126.561	0.250733109614861
126.601	0.242739120827718
126.641	0.230482574276506
126.681	0.266187460047637
126.731	0.241673325111669
126.781	0.246469510017245
126.821	0.248601309816052
126.861	0.26405566024883
126.901	0.25233149063887
126.941	0.266187460047637
126.981	0.256595090236485
127.021	0.238476354696939
127.07	0.231548369992556
127.111	0.257127675544446
127.151	0.242739120827718
127.191	0.232080955300517
127.24	0.254463290437678
127.281	0.244337710218437
127.321	0.237942935922142
127.361	0.241140739803708
127.401	0.24007473572095
127.441	0.233146751016567
127.481	0.251798905330909
127.531	0.251798905330909
127.571	0.250733109614861
127.611	0.248601309816052
127.651	0.24007473572095
127.7	0.265121455964879
127.741	0.257127675544446
127.791	0.26245707085811
127.831	0.266187460047637
127.871	0.262989656166072
127.921	0.25233149063887
127.961	0.251265694922821
128.001	0.268851845154405
128.041	0.243805124910476
128.081	0.252864909413667
128.121	0.260325271059303
128.171	0.244870920626526
128.221	0.241140739803708
128.261	0.245936924709284
128.301	0.240607321028911
128.351	0.257127675544446
128.391	0.252864909413667
128.431	0.235278759182082
128.471	0.235278759182082
128.511	0.249667105532102
128.551	0.234212755099324
128.591	0.248601309816052
128.631	0.245936924709284
128.671	0.261391275142061
128.72	0.236877140206093
128.761	0.249133686757305
128.801	0.248068724508091
128.841	0.220890204465354
128.881	0.24007473572095
128.921	0.245403505934487
128.961	0.232614374075315
129.001	0.262989656166072
129.041	0.239541525312862
129.081	0.233146751016567
129.121	0.236344554898132
129.161	0.226218974678893
129.201	0.236877140206093
129.241	0.258193471260496
129.281	0.249133686757305
129.321	0.26565404127284
129.361	0.245403505934487
129.401	0.258193471260496
129.45	0.256061671461688
129.49	0.240607321028911
129.531	0.257127675544446
129.571	0.262989656166072
129.611	0.260857856367264
129.661	0.238476354696939
129.701	0.248068724508091
129.741	0.243272539602515
129.781	0.254463290437678
129.83	0.250199690840063
129.871	0.243805124910476
129.911	0.237410558980891
129.951	0.243805124910476
129.991	0.256061671461688
130.041	0.241673325111669
130.091	0.242206535519757
130.131	0.241673325111669
130.171	0.245936924709284
130.22	0.243805124910476
130.261	0.228883984885787
130.311	0.25233149063887
130.351	0.22994915550171
130.391	0.251265694922821
130.431	0.257127675544446
130.471	0.248601309816052
130.511	0.238476354696939
130.551	0.248601309816052
130.591	0.236344554898132
130.631	0.232080955300517
130.681	0.242739120827718
130.721	0.254463290437678
130.761	0.245936924709284
130.801	0.233146751016567
130.841	0.234212755099324
130.881	0.236877140206093
130.931	0.233680169791363
130.981	0.24007473572095
131.031	0.245936924709284
131.071	0.262989656166072
131.121	0.242739120827718
131.161	0.213962219760971
131.21	0.223554589572123
131.25	0.238476354696939
131.29	0.228350774477699
131.331	0.238476354696939
131.371	0.236344554898132
131.421	0.229416570193748
131.47	0.258726056568457
131.51	0.226218974678893
131.551	0.231548369992556
131.591	0.242739120827718
131.631	0.238476354696939
131.681	0.232080955300517
131.731	0.218225819358586
131.771	0.229416570193748
131.821	0.222488585489365
131.871	0.227284770394941
131.911	0.251798905330909
131.951	0.2390089400049
131.991	0.244337710218437
132.031	0.230482574276506
132.081	0.235811136123335
132.131	0.246469510017245
132.171	0.258726056568457
132.221	0.248601309816052
132.261	0.250733109614861
132.301	0.239541525312862
132.341	0.226218974678893
132.381	0.234212755099324
132.43	0.243272539602515
132.471	0.234212755099324
132.521	0.244337710218437
132.561	0.245936924709284
132.601	0.238476354696939
132.641	0.225152970596134
132.681	0.238476354696939
132.721	0.234212755099324
132.761	0.22994915550171
132.801	0.235811136123335
132.841	0.225152970596134
132.881	0.221956000181404
132.921	0.240607321028911
132.961	0.22675218508698
133.001	0.230482574276506
133.051	0.227818189169739
133.101	0.231014951217759
133.151	0.231014951217759
133.191	0.232614374075315
133.231	0.214494805068932
133.271	0.225152970596134
133.311	0.237942935922142
133.351	0.2390089400049
133.401	0.249667105532102
133.441	0.236344554898132
133.481	0.233146751016567
133.521	0.223022004264162
133.561	0.244337710218437
133.611	0.216094019559778
133.651	0.239541525312862
133.711	0.252864909413667
133.761	0.246469510017245
133.811	0.221422789773317
133.861	0.227284770394941
133.901	0.232080955300517
133.941	0.229416570193748
133.981	0.247535305733294
134.021	0.234212755099324
134.061	0.2390089400049
134.11	0.231548369992556
134.15	0.248068724508091
134.191	0.24007473572095
134.231	0.237410558980891
134.271	0.232080955300517
134.311	0.246469510017245
134.361	0.233146751016567
134.401	0.232080955300517
134.451	0.209166034855395
134.501	0.227818189169739
134.541	0.242739120827718
134.583	0.22994915550171
134.631	0.235811136123335
134.681	0.22675218508698
134.721	0.229416570193748
134.761	0.228883984885787
134.801	0.229416570193748
134.841	0.235278759182082
134.881	0.242739120827718
134.921	0.234212755099324
134.961	0.233680169791363
135.001	0.230482574276506
135.041	0.236877140206093
135.091	0.234745340407286
135.151	0.248068724508091
135.191	0.229416570193748
135.231	0.224087799980211
135.28	0.233146751016567
135.321	0.221422789773317
135.371	0.221956000181404
135.411	0.229416570193748
135.451	0.247535305733294
135.491	0.229416570193748
135.531	0.229416570193748
135.571	0.233146751016567
135.621	0.234745340407286
135.671	0.237942935922142
135.711	0.237410558980891
135.751	0.229416570193748
135.791	0.236344554898132
135.831	0.233146751016567
135.881	0.217692400583789
135.921	0.233680169791363
135.97	0.22568638937093
136.011	0.221956000181404
136.051	0.247002720425333
136.091	0.232080955300517
136.131	0.227818189169739
136.181	0.240607321028911
136.221	0.222488585489365
136.261	0.236877140206093
136.301	0.227284770394941
136.341	0.233146751016567
136.381	0.211830419962164
136.421	0.22675218508698
136.471	0.227818189169739
136.521	0.211297834654204
136.571	0.236877140206093
136.611	0.22994915550171
136.661	0.2390089400049
136.711	0.22675218508698
136.751	0.216626604867741
136.791	0.226218974678893
136.831	0.225152970596134
136.881	0.228883984885787
136.931	0.237410558980891
136.981	0.228350774477699
137.021	0.233680169791363
137.061	0.232614374075315
137.111	0.205435854032577
137.151	0.218225819358586
137.191	0.213962219760971
137.241	0.234745340407286
137.281	0.237410558980891
137.321	0.223022004264162
137.361	0.213962219760971
137.41	0.215028015477021
137.451	0.219290989974508
137.491	0.219290989974508
137.531	0.209698620163356
137.581	0.218758404666547
137.621	0.206501649748627
137.661	0.207567653831384
137.711	0.220356785690558
137.751	0.209166034855395
137.791	0.211830419962164
137.831	0.223554589572123
137.871	0.236344554898132
137.911	0.228883984885787
137.951	0.209698620163356
137.991	0.201705464843051
138.031	0.223022004264162
138.071	0.211297834654204
138.111	0.225152970596134
138.151	0.224620385288172
138.191	0.215028015477021
138.231	0.219290989974508
138.271	0.221422789773317
138.311	0.227818189169739
138.36	0.233146751016567
138.411	0.220890204465354
138.47	0.21236383873696
138.511	0.203837264641858
138.56	0.210232038938154
138.601	0.217159815275828
138.65	0.233146751016567
138.691	0.226218974678893
138.741	0.215028015477021
138.791	0.219290989974508
138.831	0.215560600784982
138.881	0.21342963445301
138.931	0.219824200382597
138.971	0.217692400583789
139.011	0.21236383873696
139.051	0.21236383873696
139.091	0.219290989974508
139.141	0.213962219760971
139.181	0.206501649748627
139.221	0.210232038938154
139.271	0.22568638937093
139.311	0.224620385288172
139.351	0.209698620163356
139.391	0.224087799980211
139.431	0.208100239139347
139.471	0.218225819358586
139.511	0.215028015477021
139.551	0.216626604867741
139.591	0.216094019559778
139.631	0.22675218508698
139.671	0.195310065446629
139.711	0.200639669127001
139.751	0.209166034855395
139.791	0.204369849949819
139.841	0.216626604867741
139.881	0.22994915550171
139.921	0.209698620163356
139.961	0.227818189169739
140.001	0.216626604867741
140.041	0.201705464843051
140.081	0.209166034855395
140.121	0.207567653831384
140.161	0.221956000181404
140.201	0.210232038938154
140.241	0.213962219760971
140.281	0.210232038938154
140.321	0.198507869328195
140.361	0.199041079736282
140.401	0.205435854032577
140.441	0.227818189169739
140.491	0.215028015477021
140.531	0.220356785690558
140.571	0.217692400583789
140.611	0.220890204465354
140.661	0.210232038938154
140.701	0.218225819358586
140.741	0.227284770394941
140.781	0.227284770394941
140.821	0.215028015477021
140.861	0.219824200382597
140.901	0.218758404666547
140.941	0.195310065446629
140.981	0.200106250352206
141.021	0.201172254434962
141.071	0.219824200382597
141.111	0.224620385288172
141.151	0.207567653831384
141.191	0.195310065446629
141.241	0.194245103197415
141.281	0.20277146892581
141.321	0.207567653831384
141.361	0.203304054233771
141.401	0.196376069529386
141.441	0.225152970596134
141.481	0.207567653831384
141.521	0.196909279937475
141.561	0.211830419962164
141.611	0.220356785690558
141.651	0.220356785690558
141.691	0.210232038938154
141.731	0.210232038938154
141.771	0.218225819358586
141.811	0.215560600784982
141.861	0.213962219760971
141.901	0.203837264641858
141.951	0.213962219760971
142.0	0.230482574276506
142.041	0.231014951217759
142.081	0.219824200382597
142.121	0.209166034855395
142.161	0.21236383873696
142.211	0.187849703800993
142.251	0.216626604867741
142.3	0.207034235056588
142.341	0.20277146892581
142.39	0.20490243525778
142.431	0.210232038938154
142.471	0.215560600784982
142.511	0.222488585489365
142.551	0.224087799980211
142.601	0.210764415879406
142.641	0.220356785690558
142.681	0.209166034855395
142.731	0.211830419962164
142.771	0.20277146892581
142.821	0.21236383873696
142.871	0.201172254434962
142.911	0.210232038938154
142.951	0.193179099114658
142.991	0.177191329907084
143.041	0.195843484221425
143.081	0.19264568033986
143.131	0.207567653831384
143.18	0.210232038938154
143.221	0.216626604867741
143.271	0.197975284020234
143.311	0.210764415879406
143.36	0.203304054233771
143.401	0.203837264641858
143.441	0.205968439340538
143.481	0.240607321028911
143.521	0.205968439340538
143.571	0.209698620163356
143.621	0.201172254434962
143.661	0.223022004264162
143.701	0.22675218508698
143.741	0.219824200382597
143.781	0.204369849949819
143.821	0.207567653831384
143.871	0.20490243525778
143.911	0.205968439340538
143.951	0.197441865245436
143.991	0.209166034855395
144.04	0.213962219760971
144.081	0.220890204465354
144.121	0.224087799980211
144.17	0.22568638937093
144.21	0.209698620163356
144.261	0.205968439340538
144.301	0.222488585489365
144.341	0.231548369992556
144.381	0.203837264641858
144.421	0.219824200382597
144.461	0.209698620163356
144.501	0.200639669127001
144.541	0.210764415879406
144.591	0.218225819358586
144.641	0.210232038938154
144.681	0.220356785690558
144.721	0.200106250352206
144.761	0.194245103197415
144.801	0.198507869328195
144.841	0.202238050151012
144.881	0.20490243525778
144.921	0.200639669127001
144.961	0.211830419962164
145.001	0.199041079736282
145.041	0.209698620163356
145.09	0.198507869328195
145.13	0.198507869328195
145.171	0.206501649748627
145.221	0.210764415879406
145.271	0.196909279937475
145.32	0.192113303398608
145.371	0.187317118493032
145.421	0.195310065446629
145.461	0.19157988462381
145.501	0.199573665044243
145.541	0.199573665044243
145.581	0.205968439340538
145.631	0.20490243525778
145.671	0.172395145001507
145.711	0.18198751481266
145.751	0.201172254434962
145.791	0.214494805068932
145.831	0.203837264641858
145.871	0.19264568033986
145.911	0.170264178669536
145.951	0.191047299315849
145.991	0.186783699718236
146.031	0.197441865245436
146.08	0.206501649748627
146.12	0.203837264641858
146.161	0.211297834654204
146.201	0.199041079736282
146.241	0.202238050151012
146.29	0.203837264641858
146.331	0.180389133788649
146.381	0.199041079736282
146.421	0.205968439340538
146.461	0.208100239139347
146.51	0.20490243525778
146.561	0.196909279937475
146.601	0.20490243525778
146.651	0.194777480138667
146.701	0.224620385288172
146.751	0.204369849949819
146.791	0.202238050151012
146.841	0.193179099114658
146.891	0.203837264641858
146.941	0.218758404666547
146.991	0.220890204465354
147.031	0.20277146892581
147.081	0.200106250352206
147.13	0.209166034855395
147.171	0.20277146892581
147.221	0.188382914209082
147.261	0.188382914209082
147.301	0.201705464843051
147.341	0.205968439340538
147.381	0.204369849949819
147.431	0.200639669127001
147.471	0.199041079736282
147.521	0.195310065446629
147.571	0.184652733386264
147.621	0.186251114410273
147.661	0.203304054233771
147.701	0.185717695635477
147.751	0.191047299315849
147.791	0.196909279937475
147.841	0.180389133788649
147.881	0.196376069529386
147.921	0.20277146892581
147.961	0.203837264641858
148.001	0.210232038938154
148.041	0.198507869328195
148.091	0.20490243525778
148.131	0.178790544397929
148.171	0.178790544397929
148.221	0.189981503599801
148.261	0.19157988462381
148.311	0.205968439340538
148.351	0.192113303398608
148.391	0.197441865245436
148.431	0.196909279937475
148.471	0.191047299315849
148.521	0.19264568033986
148.561	0.194777480138667
148.601	0.196376069529386
148.641	0.190513880541053
148.681	0.190513880541053
148.721	0.189981503599801
148.77	0.199573665044243
148.811	0.188382914209082
148.851	0.182520933587456
148.891	0.182520933587456
148.931	0.193711684422619
148.971	0.18944891829184
149.011	0.197441865245436
149.061	0.187849703800993
149.101	0.193179099114658
149.141	0.19157988462381
149.181	0.191047299315849
149.221	0.169198382953486
149.261	0.185717695635477
149.301	0.169730759894738
149.351	0.200106250352206
149.401	0.200106250352206
149.441	0.199573665044243
149.481	0.195310065446629
149.521	0.185717695635477
149.561	0.187849703800993
149.601	0.196376069529386
149.641	0.193179099114658
149.691	0.198507869328195
149.731	0.18198751481266
149.771	0.199041079736282
149.821	0.188382914209082
149.861	0.183586729303506
149.901	0.175592948883073
149.941	0.209166034855395
149.991	0.194777480138667
150.031	0.186251114410273
150.071	0.185717695635477
150.12	0.184652733386264
150.161	0.193711684422619
150.201	0.172395145001507
150.241	0.201172254434962
150.281	0.196909279937475
150.321	0.196909279937475
150.361	0.193711684422619
150.411	0.188915499517043
150.451	0.185185318694225
150.491	0.185185318694225
150.541	0.196909279937475
150.581	0.181454929504697
150.621	0.174526944800314
150.661	0.171862768060255
150.701	0.178257333989842
150.741	0.175060363575112
150.781	0.201705464843051
150.821	0.195310065446629
150.861	0.203304054233771
150.901	0.178257333989842
150.941	0.18944891829184
150.981	0.196376069529386
151.021	0.16866496417869
151.061	0.17932312970589
151.101	0.186783699718236
151.141	0.201705464843051
151.181	0.183586729303506
151.23	0.173994567859062
151.271	0.186251114410273
151.321	0.186783699718236
151.371	0.200639669127001
151.411	0.196376069529386
151.461	0.207567653831384
151.501	0.199041079736282
151.545	0.172928563776303
151.593	0.201172254434962
151.633	0.195310065446629
151.673	0.195310065446629
151.719	0.192113303398608
151.762	0.193711684422619
151.803	0.189981503599801
151.844	0.195843484221425
151.893	0.190513880541053
151.933	0.17932312970589
151.973	0.17932312970589
152.014	0.193179099114658
152.055	0.193179099114658
152.098	0.174526944800314
152.147	0.187849703800993
152.188	0.176658744599121
152.235	0.173994567859062
152.286	0.197975284020234
152.327	0.182520933587456
152.375	0.208100239139347
152.416	0.210764415879406
152.456	0.199041079736282
152.507	0.19264568033986
152.559	0.186783699718236
152.6	0.17932312970589
152.641	0.191047299315849
152.681	0.183586729303506
152.721	0.177191329907084
152.771	0.173994567859062
152.831	0.167066583154679
152.888	0.19264568033986
152.933	0.203304054233771
152.973	0.203304054233771
153.023	0.197975284020234
153.064	0.187849703800993
153.104	0.187849703800993
153.144	0.184652733386264
153.184	0.191047299315849
153.225	0.196909279937475
153.265	0.207034235056588
153.305	0.195843484221425
153.346	0.197975284020234
153.386	0.188915499517043
153.428	0.179856548480688
153.469	0.181454929504697
153.515	0.186251114410273
153.56	0.21236383873696
153.6	0.191047299315849
153.641	0.193711684422619
153.681	0.193179099114658
153.73	0.172928563776303
153.771	0.187317118493032
153.811	0.187317118493032
153.861	0.209166034855395
153.91	0.201705464843051
153.951	0.20277146892581
153.991	0.197441865245436
154.041	0.177724748681879
154.081	0.196909279937475
154.121	0.189981503599801
154.161	0.206501649748627
154.21	0.197975284020234
154.251	0.197441865245436
154.301	0.184652733386264
154.341	0.20490243525778
154.381	0.196376069529386
154.431	0.191047299315849
154.471	0.196909279937475
154.511	0.205435854032577
154.551	0.199573665044243
154.601	0.199041079736282
154.65	0.205435854032577
154.691	0.205435854032577
154.74	0.203304054233771
154.78	0.20277146892581
154.82	0.188382914209082
154.861	0.199041079736282
154.901	0.195310065446629
154.951	0.207034235056588
155.001	0.187317118493032
155.041	0.187317118493032
155.081	0.196376069529386
155.121	0.193711684422619
155.171	0.178257333989842
155.211	0.178257333989842
155.255	0.19157988462381
155.303	0.201172254434962
155.343	0.185185318694225
155.384	0.183586729303506
155.433	0.190513880541053
155.474	0.169730759894738
155.514	0.167066583154679
155.554	0.175592948883073
155.595	0.197441865245436
155.636	0.19157988462381
155.676	0.180389133788649
155.717	0.173994567859062
155.758	0.181454929504697
155.799	0.188915499517043
155.839	0.167598960095931
155.88	0.166533164379881
155.92	0.183586729303506
155.961	0.174526944800314
156.01	0.198507869328195
156.05	0.18198751481266
156.091	0.175060363575112
156.131	0.177724748681879
156.18	0.19157988462381
156.221	0.193711684422619
156.27	0.177191329907084
156.31	0.196909279937475
156.351	0.187849703800993
156.391	0.176658744599121
156.431	0.191047299315849
156.471	0.177724748681879
156.521	0.194777480138667
156.561	0.188382914209082
156.611	0.187849703800993
156.661	0.178257333989842
156.701	0.187849703800993
156.75	0.173994567859062
156.79	0.176658744599121
156.831	0.184119314611466
156.881	0.183586729303506
156.931	0.18092171909661
156.971	0.158540009059577
157.011	0.16866496417869
157.051	0.177724748681879
157.101	0.181454929504697
157.15	0.176125534191034
157.191	0.186783699718236
157.231	0.187317118493032
157.28	0.161204394166344
157.321	0.160671808858384
157.37	0.178790544397929
157.411	0.174526944800314
157.46	0.180389133788649
157.501	0.188382914209082
157.541	0.162802983557064
157.591	0.178257333989842
157.641	0.180389133788649
157.681	0.184652733386264
157.721	0.187849703800993
157.771	0.187317118493032
157.82	0.168132378870727
157.86	0.172395145001507
157.901	0.179856548480688
157.941	0.176658744599121
157.991	0.186251114410273
158.031	0.188915499517043
158.08	0.18198751481266
158.12	0.178257333989842
158.16	0.170796763977497
158.201	0.191047299315849
158.251	0.18092171909661
158.291	0.177724748681879
158.331	0.184119314611466
158.38	0.167066583154679
158.42	0.178790544397929
158.46	0.184119314611466
158.506	0.16440219804791
158.546	0.177724748681879
158.586	0.188915499517043
158.626	0.178257333989842
158.666	0.190513880541053
158.706	0.171329349285458
158.746	0.184119314611466
158.787	0.18198751481266
158.827	0.155875832319516
158.867	0.178790544397929
158.907	0.172928563776303
158.947	0.183053518895416
158.988	0.168132378870727
159.028	0.16440219804791
159.068	0.174526944800314
159.109	0.175592948883073
159.15	0.19157988462381
159.19	0.187317118493032
159.231	0.18092171909661
159.271	0.195843484221425
159.312	0.184119314611466
159.352	0.183586729303506
159.392	0.196376069529386
159.432	0.182520933587456
159.472	0.186251114410273
159.513	0.187849703800993
159.554	0.191047299315849
159.594	0.186783699718236
159.634	0.187849703800993
159.674	0.174526944800314
159.714	0.182520933587456
159.754	0.18198751481266
159.795	0.187317118493032
159.835	0.188382914209082
159.875	0.195843484221425
159.916	0.177191329907084
159.956	0.176125534191034
159.997	0.191047299315849
160.037	0.170796763977497
160.077	0.181454929504697
160.117	0.184652733386264
160.158	0.185717695635477
160.199	0.177724748681879
160.241	0.187317118493032
160.281	0.167598960095931
160.322	0.183053518895416
160.362	0.173461149084266
160.402	0.16546799376396
160.443	0.177191329907084
160.484	0.181454929504697
160.524	0.163868779273114
160.564	0.175592948883073
160.604	0.188915499517043
160.644	0.166533164379881
160.684	0.183053518895416
160.724	0.20277146892581
160.764	0.180389133788649
160.804	0.174526944800314
160.846	0.178790544397929
160.886	0.161204394166344
160.926	0.15534241354472
160.966	0.192113303398608
161.007	0.188382914209082
161.048	0.185717695635477
161.089	0.173994567859062
161.129	0.173994567859062
161.17	0.187317118493032
161.211	0.172395145001507
161.251	0.183586729303506
161.291	0.185717695635477
161.331	0.187317118493032
161.371	0.173461149084266
161.412	0.173994567859062
161.452	0.160138598450296
161.492	0.172928563776303
161.532	0.187317118493032
161.572	0.179856548480688
161.612	0.183586729303506
161.652	0.188382914209082
161.693	0.175060363575112
161.733	0.175060363575112
161.773	0.168132378870727
161.814	0.19157988462381
161.855	0.188382914209082
161.895	0.182520933587456
161.936	0.183586729303506
161.976	0.167598960095931
162.016	0.177724748681879
162.056	0.166533164379881
162.097	0.18092171909661
162.137	0.177724748681879
162.177	0.179856548480688
162.218	0.17932312970589
162.258	0.163336193965151
162.298	0.175592948883073
162.339	0.17932312970589
162.379	0.193179099114658
162.419	0.167598960095931
162.459	0.18944891829184
162.499	0.176658744599121
162.539	0.177191329907084
162.58	0.172928563776303
162.62	0.181454929504697
162.661	0.16546799376396
162.701	0.17932312970589
162.741	0.185185318694225
162.781	0.16440219804791
162.821	0.186251114410273
162.861	0.188382914209082
162.901	0.16866496417869
162.941	0.18092171909661
162.982	0.155875832319516
163.022	0.182520933587456
163.062	0.183053518895416
163.103	0.169198382953486
163.144	0.18944891829184
163.185	0.17932312970589
163.225	0.15107964741394
163.266	0.175060363575112
163.307	0.160671808858384
163.347	0.179856548480688
163.387	0.176658744599121
163.427	0.174526944800314
163.467	0.174526944800314
163.507	0.172395145001507
163.547	0.167066583154679
163.587	0.153210613745912
163.627	0.173461149084266
163.667	0.174526944800314
163.707	0.159072594367538
163.747	0.163868779273114
163.787	0.170264178669536
163.828	0.163868779273114
163.869	0.184652733386264
163.909	0.153210613745912
163.949	0.174526944800314
163.989	0.162802983557064
164.029	0.160138598450296
164.07	0.169198382953486
164.111	0.169198382953486
164.151	0.146816047816326
164.191	0.18198751481266
164.231	0.180389133788649
164.271	0.177724748681879
164.311	0.177191329907084
164.351	0.158540009059577
164.391	0.185717695635477
164.431	0.186783699718236
164.471	0.171862768060255
164.512	0.175592948883073
164.552	0.187317118493032
164.593	0.178257333989842
164.633	0.17932312970589
164.673	0.173461149084266
164.713	0.164934783355872
164.754	0.186783699718236
164.795	0.188915499517043
164.835	0.184119314611466
164.876	0.185717695635477
164.916	0.182520933587456
164.956	0.174526944800314
164.996	0.180389133788649
165.036	0.170264178669536
165.076	0.176658744599121
165.116	0.170264178669536
165.157	0.194245103197415
165.198	0.162270398249103
165.238	0.188915499517043
165.278	0.170796763977497
165.319	0.166000579071921
165.359	0.166000579071921
165.399	0.181454929504697
165.439	0.175060363575112
165.48	0.184119314611466
165.521	0.182520933587456
165.562	0.169198382953486
165.602	0.186251114410273
165.642	0.18944891829184
165.683	0.18198751481266
165.724	0.175060363575112
165.764	0.198507869328195
165.804	0.178790544397929
165.845	0.180389133788649
165.885	0.174526944800314
165.925	0.156940794568729
165.965	0.176658744599121
166.005	0.16866496417869
166.045	0.178790544397929
166.085	0.170796763977497
166.125	0.179856548480688
166.165	0.167066583154679
166.205	0.160138598450296
166.245	0.17932312970589
166.285	0.172395145001507
166.325	0.178257333989842
166.365	0.17932312970589
166.405	0.166533164379881
166.445	0.17932312970589
166.485	0.163336193965151
166.525	0.153210613745912
166.565	0.15534241354472
166.605	0.158006798651488
166.645	0.173994567859062
166.685	0.158006798651488
166.725	0.156408209260768
166.765	0.160138598450296
166.805	0.170264178669536
166.845	0.157474213343527
166.885	0.166000579071921
166.926	0.177724748681879
166.966	0.176125534191034
167.007	0.164934783355872
167.047	0.155875832319516
167.087	0.155875832319516
167.128	0.157474213343527
167.168	0.161736979474305
167.208	0.151612024355192
167.248	0.170264178669536
167.288	0.161736979474305
167.328	0.169730759894738
167.368	0.167066583154679
167.408	0.183053518895416
167.448	0.159072594367538
167.488	0.163336193965151
167.528	0.152144609663153
167.568	0.162802983557064
167.608	0.170264178669536
167.648	0.156940794568729
167.689	0.156408209260768
167.731	0.156940794568729
167.772	0.161204394166344
167.812	0.161204394166344
167.852	0.162270398249103
167.892	0.159606013142334
167.932	0.170796763977497
167.973	0.160671808858384
168.013	0.147881843532375
168.054	0.161204394166344
168.094	0.158540009059577
168.135	0.162802983557064
168.175	0.159072594367538
168.215	0.143085658626799
168.256	0.162270398249103
168.296	0.152678028437951
168.336	0.148414428840336
168.376	0.157474213343527
168.416	0.160671808858384
168.456	0.139355477803981
168.496	0.16546799376396
168.537	0.153210613745912
168.577	0.134559292898405
168.617	0.158006798651488
168.657	0.170796763977497
168.697	0.162270398249103
168.737	0.168132378870727
168.777	0.16546799376396
168.817	0.170796763977497
168.857	0.169198382953486
168.897	0.15534241354472
168.937	0.163336193965151
168.977	0.163336193965151
169.017	0.161204394166344
169.057	0.168132378870727
169.097	0.163868779273114
169.138	0.138822059029183
169.179	0.156408209260768
169.219	0.161204394166344
169.26	0.159606013142334
169.3	0.177724748681879
169.341	0.150013643331183
169.381	0.166533164379881
169.421	0.184652733386264
169.461	0.154809828236758
169.501	0.17932312970589
169.541	0.154809828236758
169.581	0.160138598450296
169.621	0.153210613745912
169.661	0.152678028437951
169.701	0.152678028437951
169.741	0.144684248017518
169.781	0.169198382953486
169.822	0.150546228639144
169.862	0.167066583154679
169.903	0.167066583154679
169.943	0.151612024355192
169.984	0.161204394166344
170.024	0.154276409461962
170.064	0.162270398249103
170.104	0.145750043733568
170.144	0.156408209260768
170.184	0.160671808858384
170.224	0.153210613745912
170.264	0.169730759894738
170.304	0.149480224556386
170.344	0.156940794568729
170.384	0.152678028437951
170.424	0.144684248017518
170.465	0.153210613745912
170.506	0.162802983557064
170.546	0.16546799376396
170.587	0.157474213343527
170.627	0.148414428840336
170.667	0.135625088614455
170.707	0.15107964741394
170.747	0.138822059029183
170.787	0.146816047816326
170.827	0.155875832319516
170.867	0.150546228639144
170.908	0.150013643331183
170.949	0.143085658626799
170.99	0.133493288815646
171.031	0.121769327572396
171.072	0.137223678005174
171.112	0.148947847615133
171.152	0.145217458425607
171.192	0.144684248017518
171.233	0.140953858827992
171.273	0.140953858827992
171.314	0.160671808858384
171.355	0.140421273520031
171.396	0.158540009059577
171.436	0.15107964741394
171.476	0.156940794568729
171.516	0.171862768060255
171.556	0.158540009059577
171.597	0.163336193965151
171.638	0.162802983557064
171.678	0.151612024355192
171.718	0.161204394166344
171.758	0.159072594367538
171.798	0.171862768060255
171.838	0.182520933587456
171.879	0.162270398249103
171.919	0.153743824154001
171.959	0.146816047816326
171.999	0.169730759894738
172.039	0.170796763977497
