Time (s)	PSI(P = 2 nW*um^-2)(a.u.) 
0.0	-0.0009892631402612
0.04	-0.0046328402533336
0.08	-0.0113999777481702
0.12	-0.0113999777481702
0.16	-0.0025505345085098
0.2	-0.0025505345085098
0.24	-0.0025505345085098
0.28	-0.0056738913612198
0.32	0.00369556860975
0.361	0.0115039607415243
0.401	0.0115039607415243
0.442	-0.0056738913612198
0.483	0.0005730258732529
0.523	-0.008276417366406
0.563	-0.0020303142481474
0.604	-0.0009892631402612
0.645	0.0005730258732529
0.685	0.0167088092228452
0.725	0.0078601800993976
0.766	0.0062989087311504
0.806	-0.009317672003345
0.847	-0.0181663011267912
0.887	0.0146273175942342
0.928	-0.0129612491164174
0.969	-0.0041118058767584
1.009	0.0062989087311504
1.049	-0.009317672003345
1.089	0.281141285910195
1.129	0.456040517912647
1.169	0.557544934457488
1.209	0.622091120791654
1.249	0.68976066397853
1.289	0.727239114449567
1.329	0.78241563728371
1.369	0.830305005891707
1.409	0.874030373597218
1.449	0.907344212578606
1.489	0.956274632294489
1.53	0.977616281770669
1.571	1.0
1.611	0.850606214847162
1.651	0.839674465862677
1.691	0.820415122131322
1.731	0.803237270028579
1.771	0.799593489386454
1.811	0.78241563728371
1.851	0.779813111278522
1.891	0.785539197665473
1.932	0.772525957052378
1.973	0.781895417023348
2.013	0.780854365915461
2.053	0.780333331538886
2.093	0.757950427425768
2.134	0.738170049317836
2.174	0.748580967454798
2.215	0.740252355062662
2.256	0.741813829959963
2.296	0.73556752331265
2.336	0.740252355062662
2.376	0.739211303954776
2.416	0.719430925846845
2.456	0.715267128473411
2.496	0.719430925846845
2.536	0.727759334709929
2.576	0.718910705586483
2.616	0.725156808704741
2.656	0.715267128473411
2.696	0.713184822728585
2.736	0.706938516081272
2.776	0.704335379488926
2.816	0.705897464973388
2.856	0.698609293101976
2.896	0.711102516983761
2.936	0.690280884238892
2.977	0.671021540507537
3.017	0.688199392610281
3.058	0.673623862983672
3.099	0.679349949370621
3.139	0.672062591615423
3.18	0.685075832228518
3.22	0.681432255115446
3.26	0.668419014502351
3.3	0.655925790620565
3.34	0.651761179130916
3.38	0.66685692901789
3.421	0.675706372257548
3.461	0.670500506130962
3.501	0.647597381757482
3.541	0.665295454120587
3.581	0.648638636394419
3.621	0.653323468144431
3.662	0.645515076012656
3.702	0.654364519252317
3.742	0.648638636394419
3.783	0.658528316625752
3.823	0.651761179130916
3.864	0.658528316625752
3.905	0.655925790620565
3.945	0.631460784291677
3.985	0.65072012802303
4.025	0.647597381757482
4.066	0.638747938517821
4.106	0.649679687502305
4.147	0.643953804644409
4.188	0.633022055659924
4.228	0.638747938517821
4.268	0.629899309394375
4.308	0.649679687502305
4.348	0.610639151546807
4.388	0.635104361404749
4.428	0.625214477644364
4.469	0.623652392159902
4.509	0.614803763036455
4.549	0.607516405281257
4.589	0.618447340149527
4.629	0.606475354173371
4.669	0.624173426536478
4.71	0.627295969272975
4.75	0.605954319796796
4.79	0.604393048428547
4.83	0.606475354173371
4.87	0.611680202654692
4.91	0.615845017673394
4.95	0.610639151546807
4.99	0.60179052242336
5.03	0.61376271192857
5.07	0.603872014051971
5.11	0.61376271192857
5.15	0.583051195423316
5.19	0.593462113560276
5.23	0.604393048428547
5.27	0.614803763036455
5.311	0.596064436036411
5.352	0.592420858923338
5.392	0.602310742683724
5.433	0.586694976065441
5.474	0.584092450060253
5.514	0.598146945310287
5.554	0.594502350551948
5.594	0.60491326868891
5.635	0.593982130291586
5.675	0.585653721428502
5.715	0.583051195423316
5.755	0.57784553282578
5.795	0.578886583933667
5.835	0.588777281810265
5.876	0.583051195423316
5.916	0.591899824546762
5.956	0.55806515471785
5.997	0.575243006820594
6.037	0.572119446438832
6.078	0.571078395330945
6.119	0.590858773438876
6.159	0.579407618310243
6.199	0.577325312565418
6.239	0.578366363673304
6.279	0.584092450060253
6.319	0.563791037575748
6.359	0.571599429707522
6.399	0.568996903702334
6.439	0.566393563580934
6.48	0.586694976065441
6.52	0.564832292212685
6.56	0.577325312565418
6.6	0.576804278188843
6.64	0.568475869325759
6.681	0.557544934457488
6.721	0.557544934457488
6.761	0.574722786560232
6.801	0.58096888967849
6.841	0.547654236580888
6.881	0.559106205825736
6.921	0.553901357344415
6.962	0.5549424084523
7.002	0.529956164217783
7.042	0.553901357344415
7.082	0.553901357344415
7.122	0.54140813346263
7.163	0.54140813346263
7.203	0.564312071952323
7.243	0.564312071952323
7.283	0.573681735452346
7.323	0.573681735452346
7.364	0.563270817315384
7.404	0.559627240202312
7.444	0.549216525594404
7.484	0.5523390683309
7.525	0.566393563580934
7.565	0.553901357344415
7.606	0.550257576702289
7.647	0.5523390683309
7.687	0.569517123962697
7.727	0.549736542325714
7.767	0.540367082354744
7.808	0.547654236580888
7.848	0.543490439207454
7.888	0.565873343320572
7.928	0.535682250604732
7.968	0.545572744952277
8.008	0.540887913202267
8.049	0.53255869022297
8.089	0.536723301712619
8.129	0.52631258710471
8.169	0.527353841741649
8.21	0.541928353722992
8.251	0.53828477660992
8.291	0.534120775707431
8.331	0.541928353722992
8.371	0.517463957981263
8.412	0.522669009991637
8.453	0.521627755354698
8.493	0.536723301712619
8.533	0.53255869022297
8.573	0.531518453231298
8.613	0.529956164217783
8.653	0.522148789731275
8.693	0.506011988736417
8.734	0.519025229349512
8.774	0.525792366844347
8.814	0.520066483986451
8.855	0.527353841741649
8.896	0.542969608359931
8.936	0.527353841741649
8.976	0.529436147486474
9.016	0.524230281359886
9.056	0.532038469962607
9.096	0.536723301712619
9.136	0.527873858472958
9.177	0.548175270957465
9.218	0.505491157888895
9.259	0.53516203034437
9.299	0.506532208996779
9.34	0.51538165223644
9.38	0.526833621481286
9.42	0.513299346491614
9.461	0.536203284981309
9.501	0.534120775707431
9.541	0.514340397599501
9.582	0.524230281359886
9.622	0.507573463633718
9.663	0.507053243373356
9.703	0.506532208996779
9.743	0.521627755354698
9.783	0.517984178241626
9.823	0.514340397599501
9.863	0.502888631883707
9.903	0.501327156986406
9.943	0.496121494388872
9.983	0.51850439850199
10.023	0.489875391270612
10.063	0.49456001949157
10.103	0.511217040746791
10.143	0.500286105878521
10.183	0.490395408001921
10.223	0.484670339260238
10.263	0.486751830888849
10.303	0.508614514741605
10.343	0.514860617859863
10.383	0.488834136633673
10.424	0.513819566751978
10.464	0.489875391270612
10.504	0.490916442378498
10.544	0.491957697015436
10.584	0.513819566751978
10.624	0.496642325236394
10.664	0.516942923604688
10.704	0.513299346491614
10.745	0.477903201765403
10.785	0.51538165223644
10.825	0.49456001949157
10.866	0.508614514741605
10.906	0.490916442378498
10.946	0.506532208996779
10.986	0.490395408001921
11.026	0.495080239751933
11.067	0.487272865265426
11.108	0.475820896020578
11.149	0.482066999138838
11.189	0.483108253775777
11.23	0.502888631883707
11.27	0.496121494388872
11.311	0.479985507510227
11.352	0.481025948030951
11.392	0.482066999138838
11.433	0.483108253775777
11.473	0.482066999138838
11.514	0.49456001949157
11.554	0.496121494388872
11.594	0.487272865265426
11.634	0.487272865265426
11.674	0.487272865265426
11.714	0.487793085525788
11.754	0.489875391270612
11.795	0.483629084623299
11.836	0.506011988736417
11.877	0.497683579873333
11.917	0.490916442378498
11.957	0.490916442378498
11.999	0.484670339260238
12.039	0.483108253775777
12.079	0.496121494388872
12.119	0.472177318907505
12.159	0.491957697015436
12.199	0.496642325236394
12.239	0.488834136633673
12.279	0.48571057625191
12.32	0.487272865265426
12.36	0.467492487157494
12.4	0.467492487157494
12.441	0.489875391270612
12.481	0.49456001949157
12.521	0.474779641383639
12.561	0.463848706515369
12.601	0.471136064270566
12.641	0.499244851241582
12.682	0.466971452780919
12.723	0.464368926775731
12.764	0.473738590275754
12.805	0.473738590275754
12.846	0.462286621030907
12.886	0.474779641383639
12.926	0.466451232520555
12.966	0.47946447313365
13.006	0.475300675760215
13.047	0.463848706515369
13.087	0.46541018141267
13.127	0.466971452780919
13.167	0.460205129402296
13.209	0.45656073817301
13.249	0.462286621030907
13.289	0.489875391270612
13.329	0.470615844010204
13.37	0.460725349662659
13.41	0.469053758525743
13.45	0.479985507510227
13.49	0.476341116280942
13.531	0.486751830888849
13.572	0.457601789280896
13.612	0.465931012260193
13.652	0.484670339260238
13.692	0.463848706515369
13.733	0.446670854412625
13.773	0.458122823657471
13.813	0.44875316015745
13.853	0.45656073817301
13.893	0.462286621030907
13.933	0.452916957530885
13.973	0.465931012260193
14.013	0.452916957530885
14.053	0.449273380417812
14.093	0.437301190912602
14.133	0.442506242922976
14.173	0.461246180510181
14.213	0.45656073817301
14.253	0.460725349662659
14.295	0.440424751294366
14.335	0.452396737270522
14.375	0.45968409502572
14.415	0.451355686162636
14.455	0.452916957530885
14.496	0.462807655407483
14.536	0.460205129402296
14.577	0.460725349662659
14.617	0.440944971554729
14.657	0.444068328407438
14.697	0.456040517912647
14.737	0.45343799190746
14.777	0.449794414794387
14.818	0.469053758525743
14.858	0.450835465902274
14.898	0.447712109049564
14.938	0.454999263275708
14.978	0.444588548667801
15.018	0.451355686162636
15.058	0.456040517912647
15.098	0.440944971554729
15.138	0.458643043917835
15.178	0.456040517912647
15.218	0.431055087794343
15.259	0.426890476304694
15.299	0.435218885167778
15.339	0.442506242922976
15.379	0.445109583044376
15.419	0.43365761379953
15.459	0.453958212167824
15.499	0.44562980330474
15.539	0.431055087794343
15.58	0.413357015431237
15.62	0.440424751294366
15.66	0.434177834059892
15.7	0.462807655407483
15.74	0.440944971554729
15.78	0.436260139804717
15.82	0.419082287701973
15.861	0.418041847181248
15.902	0.424808170559871
15.942	0.415959541436423
15.982	0.43365761379953
16.022	0.40971262420195
16.062	0.428972782049518
16.102	0.43365761379953
16.143	0.419082287701973
16.183	0.419082287701973
16.223	0.426370256044332
16.263	0.438862665809903
16.303	0.431575308054706
16.343	0.444068328407438
16.383	0.437821411172966
16.423	0.428972782049518
16.464	0.417520812804672
16.504	0.426370256044332
16.544	0.424808170559871
16.584	0.435739919544355
16.624	0.42272667893126
16.664	0.415959541436423
16.704	0.428972782049518
16.744	0.423766915922932
16.784	0.428972782049518
16.824	0.430014036686457
16.864	0.415959541436423
16.904	0.424287950299507
16.944	0.429493002309881
16.984	0.420644373186434
17.024	0.410233658578527
17.064	0.416479761696787
17.105	0.423766915922932
17.145	0.443547497559915
17.186	0.446150634152262
17.226	0.430014036686457
17.266	0.42272667893126
17.306	0.41283598105466
17.347	0.396699383588855
17.387	0.431575308054706
17.428	0.421685424294321
17.468	0.422205644554683
17.508	0.411274709686412
17.549	0.425849425196808
17.59	0.433136579422954
17.63	0.40971262420195
17.67	0.412315964323351
17.71	0.422205644554683
17.751	0.427931730941633
17.791	0.434177834059892
17.831	0.434177834059892
17.872	0.424808170559871
17.912	0.411274709686412
17.953	0.424287950299507
17.993	0.419603118549495
18.033	0.419082287701973
18.073	0.411794929946776
18.113	0.42272667893126
18.153	0.425329204936446
18.193	0.424808170559871
18.233	0.400863995078504
18.274	0.409192403941588
18.314	0.410233658578527
18.354	0.4065898779364
18.394	0.397220214436379
18.434	0.406068843559825
18.474	0.414918286799484
18.514	0.409192403941588
18.554	0.394617891960244
18.594	0.405548826828516
18.634	0.404507572191577
18.674	0.39305560294673
18.714	0.388370771196719
18.754	0.396179163328493
18.794	0.417000592544309
18.836	0.385248228460221
18.876	0.391494331578481
18.916	0.399302520181203
18.957	0.389412025833658
18.997	0.403466521083692
19.037	0.396699383588855
19.077	0.400863995078504
19.117	0.384727194083646
19.157	0.393576637323305
19.197	0.388891805573295
19.237	0.405548826828516
19.277	0.4065898779364
19.317	0.413357015431237
19.357	0.402425266446753
19.397	0.397740434696741
19.437	0.411274709686412
19.477	0.394096857583669
19.517	0.401905046186389
19.557	0.391494331578481
19.597	0.401384215338867
19.637	0.401905046186389
19.677	0.426370256044332
19.717	0.393576637323305
19.757	0.389412025833658
19.797	0.385768448720585
19.837	0.391494331578481
19.878	0.404507572191577
19.919	0.417520812804672
19.959	0.391494331578481
19.999	0.414397455951962
20.039	0.393576637323305
20.079	0.404507572191577
20.119	0.413357015431237
20.159	0.414397455951962
20.199	0.44875316015745
20.24	0.421164593446797
20.28	0.418562067441611
20.32	0.397220214436379
20.36	0.414397455951962
20.4	0.411274709686412
20.441	0.406068843559825
20.481	0.418562067441611
20.521	0.43678097065224
20.561	0.415959541436423
20.601	0.417520812804672
20.641	0.404507572191577
20.681	0.410753675309836
20.721	0.408151149304649
20.761	0.408151149304649
20.801	0.420123338809859
20.841	0.408151149304649
20.881	0.399822740441565
20.921	0.4065898779364
20.961	0.381083616970574
21.002	0.392535382686368
21.042	0.398261469073317
21.082	0.395658128951916
21.122	0.415438507059848
21.162	0.40971262420195
21.202	0.38368614297576
21.242	0.38056339671021
21.282	0.396699383588855
21.323	0.385248228460221
21.363	0.399302520181203
21.403	0.397220214436379
21.443	0.384727194083646
21.483	0.384206973823284
21.523	0.38680949982847
21.565	0.385248228460221
21.605	0.398261469073317
21.646	0.401905046186389
21.686	0.401905046186389
21.727	0.39305560294673
21.768	0.406068843559825
21.808	0.388891805573295
21.848	0.39305560294673
21.888	0.386288465451895
21.929	0.385768448720585
21.969	0.402946300823328
22.009	0.397220214436379
22.049	0.402946300823328
22.089	0.382644888338821
22.13	0.395137908691554
22.171	0.397220214436379
22.212	0.408151149304649
22.252	0.390973297201905
22.292	0.39305560294673
22.332	0.404507572191577
22.373	0.381603837230936
22.413	0.382644888338821
22.453	0.375357530583623
22.493	0.381603837230936
22.533	0.394096857583669
22.573	0.392535382686368
22.613	0.393576637323305
22.653	0.383165922715398
22.694	0.38680949982847
22.734	0.387850754465409
22.774	0.397740434696741
22.814	0.39878168933368
22.854	0.404507572191577
22.894	0.396699383588855
22.936	0.382124668078459
22.976	0.383165922715398
23.017	0.372234173730913
23.057	0.377439836328447
23.097	0.390453076941542
23.138	0.379522142073272
23.179	0.372234173730913
23.219	0.360261984225705
23.259	0.368070376357479
23.299	0.364426595715352
23.339	0.3732752248388
23.379	0.368070376357479
23.419	0.378481090965386
23.459	0.368070376357479
23.499	0.371193733210189
23.539	0.36702912172054
23.579	0.374837310323261
23.619	0.356098186852268
23.659	0.374316479475737
23.699	0.394617891960244
23.739	0.386288465451895
23.779	0.376398785220563
23.819	0.369631647725726
23.859	0.382124668078459
23.899	0.376919005480925
23.939	0.378481090965386
23.979	0.389412025833658
24.019	0.385768448720585
24.059	0.390973297201905
24.099	0.382124668078459
24.139	0.38368614297576
24.179	0.362864510230891
24.219	0.377439836328447
24.259	0.386288465451895
24.299	0.38368614297576
24.339	0.395137908691554
24.379	0.380042362333635
24.419	0.379522142073272
24.459	0.37796005658881
24.499	0.37796005658881
24.539	0.37796005658881
24.58	0.371713953470551
24.621	0.381603837230936
24.661	0.3732752248388
24.702	0.376398785220563
24.742	0.370672698833612
24.782	0.359741763965341
24.822	0.365988070612654
24.862	0.365467850352291
24.903	0.376919005480925
24.943	0.362864510230891
24.983	0.376919005480925
25.024	0.372234173730913
25.064	0.371193733210189
25.104	0.359220933117818
25.144	0.357138627372995
25.184	0.379001311225749
25.225	0.380042362333635
25.265	0.37796005658881
25.305	0.361824069710166
25.345	0.365988070612654
25.385	0.36702912172054
25.426	0.382644888338821
25.466	0.368590393088788
25.506	0.391494331578481
25.547	0.376919005480925
25.587	0.3732752248388
25.627	0.350892320725682
25.668	0.364426595715352
25.708	0.343605166499537
25.748	0.362864510230891
25.788	0.354015881107445
25.828	0.364426595715352
25.869	0.360261984225705
25.909	0.356098186852268
25.95	0.332153197254689
25.99	0.349331049357433
26.031	0.338399300372949
26.072	0.344125183230845
26.112	0.347248743612609
26.152	0.349851269617796
26.192	0.335276554107399
26.233	0.338399300372949
26.274	0.336317808744338
26.314	0.331632976994327
26.354	0.34100264049435
26.394	0.343084132122961
26.435	0.358179678480879
26.475	0.361824069710166
26.515	0.372755004578436
26.556	0.345687472244361
26.596	0.342043691602234
26.637	0.349331049357433
26.677	0.36078301860228
26.717	0.347768963872972
26.757	0.364946815975716
26.797	0.350372303994372
26.837	0.340481606117773
26.877	0.359220933117818
26.917	0.339440555009888
26.957	0.344125183230845
26.997	0.361824069710166
27.037	0.343605166499537
27.077	0.364946815975716
27.117	0.330070891509865
27.157	0.349851269617796
27.197	0.34620748897567
27.237	0.339440555009888
27.277	0.335796774367762
27.319	0.33996138585741
27.359	0.354536101367807
27.4	0.356098186852268
27.44	0.348289998249547
27.48	0.330591722357388
27.521	0.351933575362621
27.562	0.338920334749526
27.602	0.338920334749526
27.642	0.341522860754712
27.682	0.356618407112632
27.722	0.335796774367762
27.763	0.338920334749526
27.804	0.329029636872926
27.844	0.335796774367762
27.884	0.344125183230845
27.924	0.335276554107399
27.964	0.358179678480879
28.004	0.341522860754712
28.044	0.332153197254689
28.084	0.340481606117773
28.124	0.326948145244315
28.164	0.334755723259877
28.204	0.341522860754712
28.244	0.352453795622983
28.284	0.34620748897567
28.324	0.347248743612609
28.364	0.334755723259877
28.404	0.346728523352246
28.444	0.349331049357433
28.485	0.355056932215329
28.525	0.370672698833612
28.565	0.352974626470506
28.606	0.342563911862598
28.647	0.33111194261775
28.688	0.335276554107399
28.728	0.352453795622983
28.768	0.336838029004701
28.808	0.336838029004701
28.849	0.348810014980857
28.889	0.335796774367762
28.929	0.339440555009888
28.969	0.328509416612564
29.009	0.337879080112587
29.049	0.36078301860228
29.089	0.36078301860228
29.129	0.357659458220517
29.169	0.364426595715352
29.209	0.333194248362575
29.249	0.349851269617796
29.289	0.322783533754666
29.329	0.329550671249503
29.369	0.329550671249503
29.41	0.345687472244361
29.45	0.34620748897567
29.49	0.324865839499492
29.53	0.322783533754666
29.571	0.314455124891583
29.612	0.330070891509865
29.652	0.334755723259877
29.692	0.330591722357388
29.732	0.348810014980857
29.773	0.344125183230845
29.813	0.321742482646782
29.853	0.322783533754666
29.893	0.329550671249503
29.934	0.337358859852224
29.974	0.322263313494304
30.015	0.32642711086774
30.055	0.307167767136385
30.095	0.321222262386419
30.135	0.333194248362575
30.175	0.316537430636408
30.215	0.328509416612564
30.255	0.330070891509865
30.295	0.325907094136431
30.335	0.320701228009843
30.375	0.327989399881254
30.416	0.306646732759808
30.456	0.322783533754666
30.497	0.31705765089677
30.537	0.335276554107399
30.578	0.332153197254689
30.619	0.34620748897567
30.659	0.325907094136431
30.699	0.34100264049435
30.739	0.330070891509865
30.779	0.314455124891583
30.819	0.322263313494304
30.859	0.322783533754666
30.899	0.338920334749526
30.939	0.317578481744293
30.979	0.334235502999514
31.019	0.319660176901958
31.059	0.317578481744293
31.099	0.324865839499492
31.139	0.332153197254689
31.179	0.31705765089677
31.219	0.334755723259877
31.259	0.31393490463122
31.299	0.316016396259831
31.339	0.324344805122915
31.379	0.33111194261775
31.42	0.325386059759854
31.461	0.323304568131243
31.501	0.336317808744338
31.541	0.349851269617796
31.581	0.317578481744293
31.621	0.339440555009888
31.661	0.329029636872926
31.701	0.329550671249503
31.741	0.31705765089677
31.782	0.323824788391605
31.822	0.327468365504678
31.862	0.325386059759854
31.903	0.314975345151946
31.943	0.319139956641594
31.984	0.314975345151946
32.024	0.319139956641594
32.064	0.325386059759854
32.104	0.340481606117773
32.144	0.301962104538851
32.184	0.318098702004655
32.224	0.299880409381186
32.264	0.304044410283675
32.304	0.316537430636408
32.345	0.327468365504678
32.385	0.323824788391605
32.425	0.333714468622938
32.465	0.310290513401935
32.505	0.323824788391605
32.545	0.324865839499492
32.585	0.310290513401935
32.625	0.323304568131243
32.665	0.330591722357388
32.705	0.330591722357388
32.745	0.324865839499492
32.785	0.308729038504634
32.825	0.317578481744293
32.865	0.324865839499492
32.906	0.326948145244315
32.946	0.333194248362575
32.986	0.333194248362575
33.027	0.316016396259831
33.067	0.319660176901958
33.108	0.33111194261775
33.148	0.315496175999469
33.188	0.31133156450982
33.228	0.325386059759854
33.268	0.31393490463122
33.308	0.322783533754666
33.348	0.328509416612564
33.388	0.303524190023313
33.428	0.312893649994281
33.468	0.309770293141571
33.508	0.308209021773324
33.548	0.310811344249457
33.588	0.318619736381232
33.628	0.297798103636362
33.668	0.313413870254645
33.708	0.304565241131197
33.748	0.293633492146713
33.788	0.307167767136385
33.831	0.319139956641594
33.872	0.305085461391561
33.912	0.325386059759854
33.952	0.296757052528478
33.993	0.31133156450982
34.034	0.295715797891539
34.075	0.304044410283675
34.115	0.313413870254645
34.156	0.304565241131197
34.196	0.309250072881209
34.236	0.297798103636362
34.276	0.327989399881254
34.316	0.309770293141571
34.356	0.294674746783652
34.397	0.328509416612564
34.437	0.327468365504678
34.477	0.321742482646782
34.517	0.322783533754666
34.558	0.314975345151946
34.598	0.298839358273301
34.638	0.302482935386374
34.678	0.295715797891539
34.718	0.299359578533664
34.759	0.314455124891583
34.799	0.315496175999469
34.839	0.296757052528478
34.88	0.309250072881209
34.921	0.299359578533664
34.962	0.299359578533664
35.002	0.297798103636362
35.043	0.316016396259831
35.084	0.306126716028499
35.125	0.321222262386419
35.165	0.30040062964155
35.205	0.319139956641594
35.245	0.30040062964155
35.285	0.309770293141571
35.326	0.308729038504634
35.366	0.309770293141571
35.406	0.328509416612564
35.447	0.329550671249503
35.487	0.311852598886396
35.527	0.304565241131197
35.567	0.304565241131197
35.608	0.308729038504634
35.649	0.299359578533664
35.689	0.322263313494304
35.729	0.309250072881209
35.769	0.308729038504634
35.809	0.301962104538851
35.849	0.316537430636408
35.889	0.310811344249457
35.93	0.319660176901958
35.97	0.322263313494304
36.01	0.322263313494304
36.05	0.308729038504634
36.091	0.305085461391561
36.131	0.289469694773279
36.171	0.325907094136431
36.211	0.323824788391605
36.251	0.301441884278488
36.291	0.306646732759808
36.331	0.315496175999469
36.371	0.323304568131243
36.412	0.32642711086774
36.453	0.309250072881209
36.493	0.314455124891583
36.533	0.31705765089677
36.573	0.305085461391561
36.613	0.310811344249457
36.654	0.299359578533664
36.694	0.303003155646736
36.734	0.304044410283675
36.774	0.29155118640189
36.814	0.299880409381186
36.855	0.305085461391561
36.895	0.281661506170557
36.936	0.306126716028499
36.976	0.298839358273301
37.017	0.289989915033641
37.057	0.287907609288817
37.097	0.315496175999469
37.137	0.308729038504634
37.177	0.316537430636408
37.217	0.287387389028455
37.257	0.294674746783652
37.297	0.284264032175745
37.337	0.301962104538851
37.377	0.295195577631175
37.417	0.287907609288817
37.457	0.285826117660206
37.497	0.287387389028455
37.537	0.301441884278488
37.577	0.267086790660161
37.618	0.280100031273256
37.658	0.274894368675722
37.698	0.309250072881209
37.738	0.286346337920569
37.779	0.289989915033641
37.82	0.288428643665392
37.86	0.28530508328363
37.9	0.291030966141527
37.94	0.303524190023313
37.98	0.284264032175745
38.02	0.29727727278884
38.06	0.298839358273301
38.1	0.295715797891539
38.141	0.273853114038783
38.182	0.262401958910149
38.223	0.285826117660206
38.263	0.27437414841536
38.303	0.298318323896725
38.343	0.30040062964155
38.384	0.282702557278443
38.424	0.286866354651878
38.464	0.272291842670535
38.504	0.293113271886351
38.544	0.287907609288817
38.584	0.30040062964155
38.625	0.294674746783652
38.665	0.282181522901867
38.706	0.289989915033641
38.746	0.26448345053876
38.786	0.285826117660206
38.826	0.299359578533664
38.866	0.28530508328363
38.907	0.289469694773279
38.947	0.290510949410218
38.987	0.283222777538806
39.027	0.283222777538806
39.067	0.287387389028455
39.107	0.298318323896725
39.147	0.289469694773279
39.188	0.300920849901912
39.228	0.286866354651878
39.268	0.300920849901912
39.308	0.306646732759808
39.348	0.281141285910195
39.389	0.29415452652329
39.43	0.295715797891539
39.471	0.290510949410218
39.511	0.298839358273301
39.551	0.281141285910195
39.592	0.308729038504634
39.633	0.283743811915382
39.673	0.278017725528432
39.713	0.269689316665348
39.753	0.279579200425733
39.794	0.289989915033641
39.835	0.280620251533618
39.876	0.290510949410218
39.918	0.275415199523244
39.958	0.27437414841536
39.998	0.283743811915382
40.038	0.293113271886351
40.079	0.301962104538851
40.12	0.285826117660206
40.16	0.276456454160183
40.201	0.282181522901867
40.241	0.293633492146713
40.281	0.273332893778421
40.322	0.287387389028455
40.362	0.277496894680908
40.403	0.281141285910195
40.444	0.308729038504634
40.484	0.292072220778466
40.524	0.283222777538806
40.564	0.284264032175745
40.604	0.291030966141527
40.645	0.29155118640189
40.685	0.300920849901912
40.725	0.284784863023267
40.766	0.299359578533664
40.806	0.301441884278488
40.846	0.278537945788794
40.886	0.271771622410172
40.926	0.292072220778466
40.966	0.282702557278443
41.006	0.304565241131197
41.046	0.305605681651924
41.086	0.299359578533664
41.126	0.29415452652329
41.166	0.278537945788794
41.206	0.293633492146713
41.246	0.293633492146713
41.286	0.289989915033641
41.327	0.288948660396702
41.367	0.305085461391561
41.408	0.287907609288817
41.448	0.27437414841536
41.489	0.289469694773279
41.529	0.288428643665392
41.569	0.28530508328363
41.609	0.275935419783607
41.649	0.275935419783607
41.69	0.275935419783607
41.73	0.271250588033595
41.77	0.271250588033595
41.81	0.269689316665348
41.852	0.285826117660206
41.892	0.271771622410172
41.932	0.286346337920569
41.973	0.284264032175745
42.013	0.267607010920523
42.053	0.257196296312616
42.093	0.255634821415314
42.133	0.280620251533618
42.173	0.272812062930898
42.213	0.285826117660206
42.253	0.285826117660206
42.293	0.286346337920569
42.333	0.258757567680864
42.373	0.272812062930898
42.413	0.271771622410172
42.453	0.283743811915382
42.493	0.269168282288772
42.534	0.270209536925711
42.574	0.269168282288772
42.614	0.283222777538806
42.654	0.265004484915337
42.694	0.275935419783607
42.735	0.276976674420546
42.775	0.292592441038829
42.815	0.270209536925711
42.855	0.281141285910195
42.895	0.272812062930898
42.935	0.273853114038783
42.975	0.282181522901867
43.015	0.280100031273256
43.055	0.285826117660206
43.095	0.268127231180887
43.135	0.260319653165326
43.175	0.25355251567049
43.215	0.2582373474205
43.255	0.260839873425688
43.295	0.269168282288772
43.335	0.271771622410172
43.375	0.273853114038783
43.415	0.260319653165326
43.455	0.257717127160138
43.495	0.260839873425688
43.536	0.273853114038783
43.576	0.262922179170512
43.616	0.254593770307428
43.656	0.275415199523244
43.696	0.251991244302242
43.736	0.266045739552276
43.776	0.255634821415314
43.817	0.261881128062627
43.857	0.259278602057439
43.898	0.274894368675722
43.938	0.259798822317803
43.978	0.276456454160183
44.019	0.271771622410172
44.059	0.260839873425688
44.099	0.263442399430876
44.139	0.266045739552276
44.179	0.265524705175699
44.219	0.276456454160183
44.259	0.282702557278443
44.299	0.268648265557462
44.339	0.269168282288772
44.379	0.259798822317803
44.419	0.267607010920523
44.459	0.261881128062627
44.499	0.28530508328363
44.54	0.272291842670535
44.581	0.266565756283586
44.621	0.249387904180841
44.661	0.265004484915337
44.701	0.248867683920479
44.742	0.245744327067769
44.783	0.273853114038783
44.823	0.283743811915382
44.863	0.253031684822967
44.903	0.260839873425688
44.943	0.262401958910149
44.983	0.246265361444344
45.023	0.254072735930853
45.063	0.259798822317803
45.103	0.261881128062627
45.144	0.252511464562604
45.184	0.265004484915337
45.224	0.258757567680864
45.265	0.263442399430876
45.305	0.268127231180887
45.346	0.261881128062627
45.386	0.266565756283586
45.426	0.275935419783607
45.467	0.25042915881778
45.507	0.253031684822967
45.547	0.248867683920479
45.587	0.24730641255223
45.628	0.254593770307428
45.668	0.250949989665303
45.709	0.265004484915337
45.749	0.257196296312616
45.789	0.267607010920523
45.831	0.261360907802265
45.872	0.236895697944323
45.913	0.247826632812593
45.954	0.251470209925665
45.994	0.256676076052253
46.034	0.248346853072955
46.074	0.251991244302242
46.114	0.246265361444344
46.154	0.249908938557417
46.194	0.2582373474205
46.235	0.236895697944323
46.275	0.234813392199498
46.316	0.243662021322944
46.357	0.232210866194312
46.397	0.26448345053876
46.438	0.240018444209872
46.478	0.237415918204685
46.518	0.248346853072955
46.558	0.255113990567792
46.599	0.249908938557417
46.639	0.2582373474205
46.679	0.265524705175699
46.719	0.260839873425688
46.759	0.249387904180841
46.799	0.246785378175654
46.841	0.249387904180841
46.882	0.256155041675677
46.923	0.268127231180887
46.964	0.255634821415314
47.004	0.249387904180841
47.044	0.259278602057439
47.084	0.239498223949509
47.125	0.241580529694333
47.165	0.258757567680864
47.205	0.244183055699521
47.245	0.255634821415314
47.285	0.252511464562604
47.326	0.25355251567049
47.367	0.254072735930853
47.408	0.24470307243083
47.449	0.260319653165326
47.489	0.255634821415314
47.529	0.256676076052253
47.569	0.261360907802265
47.609	0.267607010920523
47.649	0.250949989665303
47.689	0.238977189572932
47.729	0.257717127160138
47.769	0.249908938557417
47.809	0.245744327067769
47.849	0.244183055699521
47.889	0.254072735930853
47.929	0.23845696931257
47.969	0.251470209925665
48.009	0.234292357822923
48.049	0.243141801062581
48.089	0.246265361444344
48.129	0.243141801062581
48.169	0.245224106807407
48.209	0.257717127160138
48.249	0.243662021322944
48.289	0.24470307243083
48.329	0.238977189572932
48.369	0.243662021322944
48.409	0.245224106807407
48.449	0.255634821415314
48.489	0.266045739552276
48.531	0.242100749954697
48.572	0.251470209925665
48.612	0.255113990567792
48.652	0.230128560449486
48.692	0.255113990567792
48.732	0.229607526072911
48.772	0.25042915881778
48.812	0.243141801062581
48.852	0.253031684822967
48.892	0.241059495317758
48.932	0.254072735930853
48.972	0.242621580802219
49.012	0.25355251567049
49.052	0.25355251567049
49.092	0.251470209925665
49.132	0.233251917302196
49.172	0.242621580802219
49.212	0.248867683920479
49.253	0.243662021322944
49.294	0.244183055699521
49.334	0.240539275057395
49.374	0.242621580802219
49.414	0.229607526072911
49.454	0.267086790660161
49.494	0.249908938557417
49.534	0.253031684822967
49.574	0.234292357822923
49.614	0.253031684822967
49.654	0.24730641255223
49.694	0.230128560449486
49.734	0.230128560449486
49.774	0.225443728699475
49.815	0.229607526072911
49.855	0.24470307243083
49.895	0.243141801062581
49.935	0.242100749954697
49.975	0.261881128062627
50.015	0.259798822317803
50.055	0.247826632812593
50.095	0.240018444209872
50.135	0.266565756283586
50.175	0.237936749052208
50.215	0.248346853072955
50.255	0.255634821415314
50.296	0.240539275057395
50.336	0.24730641255223
50.376	0.23845696931257
50.417	0.236374663567746
50.457	0.249908938557417
50.498	0.239498223949509
50.538	0.260839873425688
50.578	0.25042915881778
50.618	0.240539275057395
50.658	0.246265361444344
50.698	0.261881128062627
50.739	0.248867683920479
50.779	0.269689316665348
50.819	0.262922179170512
50.859	0.246785378175654
50.899	0.23533361245986
50.94	0.245744327067769
50.98	0.243662021322944
51.02	0.257196296312616
51.061	0.255634821415314
51.101	0.250949989665303
51.141	0.243141801062581
51.182	0.240018444209872
51.222	0.236895697944323
51.262	0.229087305812547
51.302	0.241580529694333
51.342	0.25042915881778
51.382	0.253031684822967
51.423	0.239498223949509
51.463	0.242100749954697
51.503	0.251991244302242
51.543	0.247826632812593
51.583	0.240018444209872
51.623	0.255634821415314
51.664	0.246785378175654
51.704	0.241059495317758
51.744	0.230128560449486
51.785	0.242621580802219
51.825	0.24470307243083
51.865	0.254593770307428
51.905	0.23845696931257
51.945	0.239498223949509
51.985	0.228046254704663
52.026	0.246785378175654
52.066	0.249908938557417
52.106	0.250949989665303
52.146	0.221800151586403
52.187	0.246265361444344
52.227	0.254072735930853
52.267	0.242100749954697
52.307	0.231689831817735
52.349	0.231169611557373
52.389	0.25042915881778
52.43	0.244183055699521
52.471	0.232731086454674
52.512	0.238977189572932
52.552	0.251991244302242
52.592	0.248867683920479
52.632	0.233772137562559
52.672	0.255634821415314
52.713	0.242100749954697
52.753	0.249387904180841
52.794	0.243662021322944
52.835	0.237936749052208
52.875	0.243141801062581
52.916	0.236895697944323
52.956	0.234813392199498
52.996	0.234813392199498
53.036	0.215033014091567
53.076	0.225443728699475
53.116	0.223882457331228
53.156	0.230648780709849
53.196	0.219717845841579
53.236	0.220758896949464
53.276	0.21555323435193
53.316	0.21555323435193
53.357	0.220758896949464
53.397	0.2249226943229
53.437	0.206183570851907
53.478	0.240018444209872
53.518	0.250949989665303
53.558	0.220758896949464
53.598	0.216594285459816
53.638	0.23845696931257
53.678	0.230648780709849
53.718	0.222841202694289
53.758	0.239498223949509
53.798	0.239498223949509
53.839	0.251470209925665
53.879	0.228567289081238
53.919	0.232210866194312
53.96	0.216074065199452
54.0	0.223361422954651
54.041	0.2249226943229
54.081	0.237936749052208
54.121	0.228046254704663
54.161	0.23533361245986
54.201	0.230128560449486
54.241	0.220237862572888
54.281	0.228567289081238
54.322	0.209827962081194
54.362	0.225443728699475
54.403	0.227005000067724
54.443	0.231169611557373
54.483	0.209827962081194
54.523	0.206183570851907
54.564	0.225443728699475
54.604	0.208786910973308
54.644	0.221800151586403
54.684	0.246785378175654
54.725	0.208786910973308
54.765	0.231169611557373
54.806	0.230128560449486
54.846	0.226484983336414
54.886	0.219717845841579
54.926	0.238977189572932
54.966	0.232210866194312
55.006	0.243141801062581
55.046	0.250949989665303
55.086	0.231169611557373
55.126	0.212950708346744
55.166	0.235854443307384
55.207	0.227005000067724
55.247	0.246265361444344
55.287	0.223882457331228
55.327	0.239498223949509
55.367	0.218156370944277
55.407	0.206704605228484
55.448	0.21555323435193
55.488	0.238977189572932
55.529	0.230648780709849
55.569	0.229607526072911
55.609	0.247826632812593
55.649	0.228567289081238
55.689	0.247826632812593
55.729	0.228567289081238
55.77	0.229087305812547
55.81	0.245744327067769
55.85	0.222841202694289
55.89	0.238977189572932
55.93	0.229087305812547
55.97	0.231689831817735
56.01	0.2249226943229
56.05	0.225443728699475
56.09	0.225443728699475
56.13	0.252511464562604
56.171	0.230128560449486
56.211	0.228046254704663
56.251	0.237415918204685
56.291	0.221279117209827
56.331	0.247826632812593
56.371	0.21867659120464
56.411	0.221279117209827
56.451	0.240539275057395
56.491	0.220237862572888
56.531	0.225963948959837
56.571	0.232210866194312
56.611	0.221800151586403
56.651	0.211909453709805
56.692	0.223361422954651
56.732	0.229607526072911
56.773	0.213471539194266
56.813	0.234292357822923
56.854	0.227005000067724
56.894	0.221800151586403
56.934	0.207745656336368
56.974	0.207745656336368
57.015	0.239498223949509
57.055	0.222841202694289
57.096	0.234813392199498
57.136	0.232210866194312
57.176	0.193691161086336
57.216	0.21867659120464
57.256	0.220237862572888
57.296	0.225443728699475
57.337	0.220237862572888
57.377	0.216074065199452
57.417	0.218156370944277
57.457	0.227005000067724
57.498	0.21867659120464
57.538	0.217115319836391
57.578	0.216074065199452
57.618	0.231169611557373
57.658	0.231169611557373
57.698	0.222320371846765
57.738	0.22440267759159
57.778	0.213471539194266
57.818	0.193170330238812
57.858	0.219197625581216
57.898	0.236374663567746
57.938	0.219717845841579
57.978	0.225443728699475
58.018	0.21867659120464
58.058	0.234292357822923
58.098	0.208265876596732
58.138	0.213991759454628
58.179	0.21243048808638
58.219	0.228046254704663
58.259	0.211389233449441
58.3	0.203060824586357
58.341	0.212950708346744
58.382	0.214512793831205
58.422	0.215033014091567
58.463	0.222320371846765
58.503	0.203060824586357
58.543	0.212950708346744
58.583	0.215033014091567
58.623	0.2249226943229
58.663	0.21555323435193
58.703	0.205663350591545
58.743	0.21555323435193
58.784	0.209306927704617
58.825	0.198375992836346
58.865	0.211909453709805
58.905	0.199417247473285
58.945	0.222320371846765
58.985	0.19265010997845
59.025	0.234813392199498
59.065	0.221279117209827
59.105	0.229607526072911
59.146	0.227005000067724
59.186	0.245744327067769
59.226	0.207745656336368
59.266	0.21867659120464
59.306	0.216074065199452
59.346	0.21555323435193
59.386	0.220237862572888
59.426	0.208265876596732
59.466	0.236895697944323
59.506	0.213991759454628
59.546	0.2249226943229
59.587	0.22440267759159
59.627	0.223882457331228
59.667	0.223882457331228
59.707	0.216594285459816
59.747	0.211389233449441
59.787	0.221279117209827
59.827	0.23533361245986
59.867	0.233251917302196
59.907	0.214512793831205
59.947	0.240018444209872
59.988	0.246785378175654
60.028	0.229607526072911
60.069	0.213991759454628
60.109	0.225963948959837
60.149	0.213471539194266
60.189	0.217115319836391
60.229	0.206183570851907
60.269	0.216074065199452
60.309	0.219717845841579
60.349	0.21243048808638
60.389	0.21867659120464
60.43	0.202539790209782
60.47	0.212950708346744
60.51	0.203581044846721
60.551	0.200458298581171
60.591	0.206183570851907
60.631	0.198375992836346
60.672	0.207224621959793
60.712	0.205663350591545
60.752	0.190047583973262
60.792	0.219717845841579
60.832	0.205143130331182
60.873	0.186924023591499
60.914	0.217635540096754
60.954	0.201498739101896
60.994	0.204622095954606
61.035	0.209306927704617
61.075	0.21555323435193
61.115	0.206704605228484
61.155	0.213991759454628
61.195	0.21555323435193
61.235	0.232731086454674
61.275	0.207745656336368
61.316	0.220758896949464
61.357	0.225443728699475
61.398	0.217115319836391
61.438	0.211389233449441
61.478	0.211909453709805
61.518	0.21867659120464
61.558	0.197855161988823
61.599	0.193170330238812
61.639	0.208265876596732
61.679	0.199417247473285
61.719	0.213991759454628
61.759	0.194211381346698
61.799	0.181719175110178
61.839	0.192129075601873
61.879	0.184321701115366
61.919	0.201498739101896
61.959	0.189006329336324
61.999	0.202019773478472
62.04	0.21555323435193
62.08	0.211389233449441
62.121	0.200978518841533
62.162	0.225443728699475
62.203	0.198375992836346
62.244	0.203060824586357
62.284	0.208786910973308
62.324	0.206183570851907
62.365	0.220758896949464
62.406	0.227005000067724
62.446	0.219717845841579
62.486	0.236374663567746
62.526	0.220758896949464
62.566	0.229087305812547
62.606	0.202019773478472
62.646	0.216074065199452
62.686	0.228046254704663
62.726	0.2275260344443
62.766	0.221800151586403
62.806	0.213471539194266
62.846	0.211909453709805
62.886	0.208786910973308
62.926	0.212950708346744
62.966	0.196813907351884
63.007	0.220237862572888
63.048	0.211389233449441
63.088	0.190567804233626
63.129	0.217115319836391
63.17	0.203581044846721
63.21	0.216594285459816
63.25	0.204622095954606
63.29	0.205143130331182
63.331	0.220237862572888
63.372	0.205663350591545
63.412	0.219197625581216
63.452	0.201498739101896
63.492	0.194732415723273
63.532	0.210348182341556
63.573	0.213991759454628
63.613	0.203581044846721
63.653	0.208265876596732
63.693	0.208265876596732
63.733	0.203060824586357
63.774	0.181719175110178
63.814	0.210868402601918
63.854	0.210868402601918
63.894	0.211909453709805
63.934	0.211909453709805
63.975	0.202019773478472
64.016	0.199417247473285
64.056	0.21243048808638
64.097	0.205143130331182
64.137	0.209306927704617
64.177	0.201498739101896
64.217	0.209306927704617
64.257	0.191088838610201
64.297	0.202019773478472
64.337	0.189526549596687
64.378	0.187965278228438
64.418	0.201498739101896
64.458	0.194732415723273
64.498	0.189526549596687
64.538	0.187965278228438
64.579	0.203581044846721
64.619	0.200978518841533
64.659	0.19577346683116
64.7	0.201498739101896
64.74	0.199417247473285
64.781	0.191088838610201
64.821	0.205143130331182
64.861	0.184841717846675
64.901	0.199937467733649
64.942	0.196293687091522
64.987	0.183800666738789
65.027	0.21555323435193
65.067	0.191088838610201
65.107	0.204622095954606
65.147	0.190567804233626
65.187	0.204102079223296
65.227	0.18640400686019
65.267	0.202019773478472
65.307	0.206183570851907
65.347	0.209306927704617
65.387	0.210348182341556
65.427	0.223882457331228
65.467	0.219717845841579
65.507	0.191088838610201
65.547	0.19265010997845
65.587	0.21243048808638
65.627	0.213991759454628
65.667	0.213471539194266
65.707	0.217115319836391
65.747	0.220758896949464
65.787	0.216074065199452
65.827	0.21867659120464
65.867	0.221800151586403
65.907	0.221279117209827
65.947	0.219197625581216
65.987	0.232210866194312
66.027	0.2249226943229
66.067	0.205663350591545
66.107	0.200458298581171
66.147	0.191608855341511
66.187	0.208786910973308
66.228	0.217635540096754
66.268	0.222841202694289
66.309	0.202539790209782
66.349	0.198375992836346
66.389	0.206704605228484
66.429	0.211909453709805
66.469	0.207745656336368
66.509	0.198375992836346
66.549	0.204622095954606
66.589	0.206183570851907
66.629	0.19889621309671
66.669	0.19265010997845
66.709	0.203581044846721
66.749	0.200978518841533
66.789	0.204622095954606
66.829	0.192129075601873
66.869	0.207224621959793
66.909	0.203581044846721
66.95	0.194211381346698
66.99	0.183280446478427
67.03	0.174952037615343
67.071	0.19265010997845
67.111	0.204102079223296
67.151	0.192129075601873
67.191	0.181198140733603
67.231	0.185362752223252
67.271	0.21243048808638
67.311	0.182759412101852
67.351	0.183280446478427
67.391	0.187965278228438
67.431	0.208265876596732
67.472	0.19889621309671
67.513	0.211389233449441
67.553	0.186924023591499
67.593	0.201498739101896
67.633	0.185882972483614
67.673	0.192129075601873
67.713	0.196813907351884
67.753	0.206183570851907
67.793	0.207224621959793
67.833	0.19889621309671
67.873	0.18640400686019
67.913	0.197334941728461
67.953	0.188485498488801
67.993	0.185362752223252
68.033	0.176513308983592
68.073	0.181719175110178
68.113	0.193691161086336
68.153	0.187444243851862
68.193	0.199937467733649
68.233	0.19265010997845
68.273	0.19577346683116
68.313	0.199937467733649
68.353	0.192129075601873
68.394	0.211909453709805
68.434	0.208265876596732
68.475	0.184321701115366
68.515	0.190567804233626
68.555	0.190047583973262
68.595	0.200458298581171
68.636	0.21243048808638
68.677	0.188485498488801
68.717	0.180157089625717
68.758	0.189006329336324
68.798	0.192129075601873
68.838	0.194732415723273
68.878	0.197855161988823
68.919	0.190567804233626
68.959	0.219197625581216
68.999	0.19577346683116
69.039	0.211389233449441
69.079	0.187965278228438
69.119	0.18640400686019
69.16	0.197334941728461
69.2	0.189526549596687
69.24	0.180157089625717
69.28	0.230648780709849
69.32	0.197855161988823
69.36	0.18640400686019
69.401	0.197855161988823
69.442	0.194732415723273
69.483	0.207224621959793
69.523	0.199417247473285
69.564	0.212950708346744
69.605	0.182239395370542
69.646	0.202539790209782
69.686	0.202539790209782
69.727	0.191088838610201
69.768	0.187965278228438
69.809	0.190047583973262
69.849	0.189006329336324
69.889	0.180677920473241
69.929	0.186924023591499
69.969	0.179115834988778
70.009	0.173910782978404
70.049	0.16558237411532
70.089	0.181719175110178
70.129	0.180677920473241
70.169	0.169746171488757
70.209	0.186924023591499
70.249	0.185882972483614
70.289	0.172349511610157
70.329	0.162979848110134
70.369	0.166623628752259
70.409	0.167664679860146
70.449	0.173910782978404
70.489	0.173910782978404
70.529	0.179115834988778
70.57	0.14580199600739
70.61	0.171308256973218
70.651	0.155171659507413
70.691	0.173910782978404
70.732	0.173389952130882
70.772	0.170787426125694
70.813	0.174952037615343
70.854	0.155691879767775
70.894	0.161938797002248
70.934	0.161938797002248
70.975	0.154650625130836
71.015	0.184841717846675
71.055	0.174431003238766
71.095	0.154650625130836
71.135	0.154650625130836
71.176	0.154130404870474
71.217	0.157774185512599
71.259	0.155171659507413
71.299	0.178074783880893
71.339	0.161417762625673
71.379	0.164020288630859
71.419	0.153609574022951
71.459	0.147363267375639
71.5	0.164541323007436
71.541	0.158295016360123
71.581	0.16870512038087
71.622	0.160897542365309
71.662	0.164020288630859
71.702	0.157253965252237
71.743	0.167143645483569
71.783	0.174952037615343
71.824	0.178595614728415
71.864	0.195252635983637
71.904	0.19265010997845
71.944	0.205143130331182
71.984	0.193170330238812
72.024	0.19889621309671
72.064	0.190567804233626
72.105	0.191088838610201
72.145	0.182759412101852
72.186	0.178074783880893
72.226	0.194732415723273
72.266	0.205663350591545
72.306	0.173910782978404
72.346	0.187444243851862
72.386	0.192129075601873
72.426	0.172869731870519
72.466	0.19577346683116
72.506	0.191088838610201
72.546	0.197334941728461
72.586	0.204622095954606
72.626	0.185882972483614
72.666	0.180677920473241
72.706	0.169746171488757
72.746	0.175993088723229
72.786	0.19577346683116
72.826	0.185362752223252
72.866	0.189006329336324
72.907	0.179115834988778
72.947	0.182759412101852
72.987	0.183280446478427
73.027	0.180677920473241
73.067	0.180677920473241
73.107	0.184321701115366
73.147	0.187444243851862
73.187	0.182759412101852
73.227	0.184321701115366
73.267	0.204622095954606
73.308	0.17182847723358
73.348	0.187444243851862
73.388	0.183280446478427
73.429	0.196813907351884
73.469	0.194211381346698
73.509	0.174952037615343
73.549	0.175993088723229
73.589	0.199417247473285
73.629	0.197334941728461
73.669	0.175993088723229
73.709	0.191608855341511
73.749	0.189006329336324
73.789	0.179115834988778
73.829	0.18640400686019
73.869	0.178595614728415
73.909	0.196293687091522
73.949	0.182759412101852
73.989	0.190047583973262
74.029	0.205663350591545
74.069	0.191088838610201
74.109	0.171308256973218
74.149	0.168184900120508
74.19	0.184321701115366
74.23	0.184321701115366
74.27	0.182239395370542
74.31	0.181719175110178
74.351	0.190047583973262
74.391	0.16245901726261
74.431	0.182239395370542
74.471	0.169746171488757
74.511	0.187965278228438
74.551	0.181198140733603
74.592	0.191088838610201
74.632	0.181198140733603
74.672	0.177554563620531
74.712	0.167143645483569
74.752	0.153609574022951
74.792	0.157253965252237
74.832	0.194211381346698
74.872	0.180157089625717
74.912	0.193170330238812
74.952	0.181719175110178
74.993	0.181719175110178
75.033	0.170787426125694
75.073	0.160376711517787
75.113	0.170267205865332
75.154	0.191608855341511
75.194	0.167143645483569
75.235	0.174952037615343
75.275	0.166623628752259
75.315	0.16870512038087
75.355	0.159335456880848
75.395	0.164541323007436
75.435	0.177554563620531
75.475	0.185882972483614
75.515	0.168184900120508
75.555	0.169746171488757
75.595	0.172349511610157
75.635	0.165061339738745
75.675	0.181719175110178
75.715	0.153089353762589
75.755	0.154650625130836
75.795	0.158295016360123
75.835	0.168184900120508
75.875	0.147363267375639
75.915	0.155171659507413
75.955	0.153609574022951
75.995	0.14892474227294
76.035	0.136432332507367
76.075	0.166623628752259
76.115	0.16245901726261
76.155	0.161417762625673
76.195	0.157253965252237
76.235	0.162979848110134
76.275	0.158815236620485
76.315	0.137473587144306
76.355	0.146322216267752
76.395	0.173389952130882
76.435	0.149445573120462
76.475	0.162979848110134
76.515	0.164020288630859
76.556	0.158295016360123
76.597	0.150486827757401
76.638	0.148404522012578
76.678	0.154650625130836
76.718	0.163500068370497
76.759	0.153609574022951
76.799	0.153089353762589
76.839	0.157253965252237
76.88	0.159335456880848
76.92	0.167664679860146
76.96	0.150486827757401
77.0	0.15204809912565
77.04	0.166623628752259
77.08	0.158295016360123
77.121	0.150486827757401
77.162	0.152569133502225
77.203	0.160897542365309
77.244	0.154650625130836
77.285	0.149445573120462
77.325	0.162979848110134
77.365	0.153609574022951
77.406	0.160376711517787
77.446	0.143719690262566
77.487	0.151527878865286
77.527	0.156732930875661
77.567	0.164020288630859
77.607	0.156732930875661
77.648	0.157253965252237
77.688	0.147363267375639
77.729	0.153089353762589
77.769	0.14580199600739
77.809	0.154130404870474
77.849	0.143719690262566
77.889	0.146843250644329
77.93	0.141117164257379
77.971	0.147363267375639
78.011	0.155691879767775
78.052	0.144239910522929
78.092	0.136432332507367
78.133	0.143199470002202
78.174	0.158815236620485
78.214	0.160376711517787
78.254	0.159856491257424
78.294	0.161417762625673
78.334	0.140076113149494
78.374	0.160376711517787
78.414	0.152569133502225
78.454	0.159335456880848
78.495	0.157774185512599
78.535	0.167143645483569
78.576	0.154130404870474
78.617	0.141117164257379
78.657	0.135911501659845
78.697	0.156732930875661
78.739	0.136432332507367
78.78	0.161417762625673
78.82	0.164020288630859
78.861	0.146322216267752
78.901	0.147884301752214
78.941	0.146322216267752
78.981	0.142678435625627
79.021	0.156212710615298
79.061	0.154650625130836
79.102	0.155171659507413
79.142	0.149965793380825
79.182	0.149445573120462
79.223	0.143719690262566
79.263	0.146843250644329
79.303	0.147884301752214
79.344	0.157253965252237
79.384	0.155171659507413
79.425	0.130185415272895
79.465	0.141117164257379
79.506	0.147363267375639
79.547	0.132267721017718
79.587	0.142158418894318
79.627	0.146843250644329
79.667	0.139034858512555
79.707	0.14580199600739
79.747	0.136432332507367
79.787	0.148404522012578
79.827	0.136432332507367
79.867	0.143199470002202
79.907	0.144239910522929
79.948	0.150486827757401
79.988	0.170267205865332
80.028	0.151527878865286
80.068	0.156732930875661
80.109	0.139555078772917
80.149	0.133829806502181
80.189	0.141637384517741
80.229	0.156212710615298
80.269	0.163500068370497
80.309	0.16558237411532
80.349	0.160376711517787
80.389	0.162979848110134
80.429	0.149445573120462
80.469	0.155171659507413
80.509	0.165061339738745
80.549	0.149445573120462
80.589	0.13695255276773
80.629	0.149445573120462
80.669	0.149965793380825
80.709	0.140596129880802
80.749	0.156212710615298
80.789	0.170267205865332
80.829	0.158815236620485
80.869	0.166623628752259
80.909	0.15204809912565
80.949	0.156212710615298
80.989	0.149445573120462
81.03	0.148404522012578
81.07	0.149445573120462
81.11	0.157253965252237
81.15	0.14580199600739
81.191	0.167664679860146
81.232	0.153609574022951
81.272	0.154650625130836
81.312	0.140596129880802
81.352	0.156732930875661
81.393	0.146843250644329
81.433	0.166102594375683
81.473	0.137993807404669
81.513	0.160376711517787
81.553	0.167143645483569
81.593	0.161938797002248
81.633	0.140076113149494
81.673	0.121857006409811
81.714	0.153089353762589
81.754	0.149445573120462
81.794	0.159856491257424
81.834	0.151007048017764
81.875	0.153609574022951
81.915	0.139034858512555
81.955	0.146322216267752
81.996	0.13695255276773
82.036	0.148404522012578
82.076	0.16558237411532
82.116	0.146843250644329
82.157	0.133829806502181
82.197	0.141117164257379
82.237	0.134350026762544
82.277	0.13695255276773
82.318	0.141117164257379
82.359	0.132788755394295
82.399	0.152569133502225
82.439	0.151007048017764
82.479	0.154650625130836
82.519	0.141637384517741
82.559	0.140076113149494
82.599	0.132267721017718
82.64	0.151007048017764
82.681	0.153089353762589
82.721	0.138514638252191
82.761	0.133829806502181
82.801	0.140076113149494
82.842	0.150486827757401
82.882	0.141117164257379
82.922	0.13695255276773
82.963	0.154650625130836
83.004	0.143199470002202
83.044	0.144239910522929
83.084	0.12602161789946
83.125	0.135911501659845
83.165	0.140076113149494
83.205	0.140596129880802
83.245	0.14580199600739
83.285	0.146843250644329
83.326	0.136432332507367
83.366	0.147363267375639
83.406	0.123419091894272
83.446	0.133829806502181
83.487	0.143199470002202
83.527	0.146322216267752
83.567	0.164541323007436
83.608	0.159335456880848
83.648	0.154650625130836
83.688	0.151527878865286
83.728	0.152569133502225
83.768	0.163500068370497
83.808	0.145280961630813
83.848	0.149965793380825
83.889	0.155691879767775
83.929	0.162979848110134
83.969	0.132788755394295
84.009	0.138514638252191
84.049	0.142158418894318
84.089	0.156732930875661
84.129	0.152569133502225
84.169	0.161417762625673
84.209	0.136432332507367
84.249	0.163500068370497
84.289	0.140596129880802
84.329	0.131226669909834
84.369	0.146322216267752
84.409	0.144239910522929
84.449	0.147884301752214
84.49	0.161417762625673
84.53	0.164020288630859
84.57	0.16245901726261
84.61	0.151527878865286
84.65	0.153609574022951
84.69	0.164541323007436
84.731	0.145280961630813
84.771	0.143199470002202
84.811	0.161417762625673
84.851	0.143199470002202
84.891	0.129665195012532
84.931	0.153089353762589
84.971	0.143719690262566
85.011	0.15204809912565
85.051	0.144239910522929
85.091	0.158295016360123
85.131	0.152569133502225
85.172	0.147363267375639
85.212	0.137473587144306
85.252	0.148404522012578
85.292	0.150486827757401
85.332	0.141637384517741
85.373	0.160376711517787
85.414	0.140596129880802
85.455	0.133829806502181
85.495	0.143199470002202
85.535	0.123419091894272
85.577	0.142678435625627
85.618	0.153609574022951
85.659	0.133308975654657
85.699	0.139555078772917
85.739	0.12602161789946
85.779	0.141637384517741
85.819	0.143199470002202
85.859	0.131747500757356
85.9	0.139034858512555
85.94	0.139034858512555
85.98	0.134870247022906
86.02	0.141117164257379
86.06	0.138514638252191
86.101	0.125500583522883
86.141	0.13695255276773
86.181	0.14892474227294
86.221	0.146843250644329
86.261	0.143199470002202
86.301	0.156732930875661
86.341	0.146843250644329
86.381	0.150486827757401
86.421	0.148404522012578
86.461	0.155691879767775
86.501	0.155691879767775
86.543	0.150486827757401
86.583	0.142158418894318
86.623	0.157253965252237
86.663	0.132267721017718
86.703	0.137473587144306
86.743	0.13695255276773
86.783	0.165061339738745
86.823	0.139034858512555
86.863	0.142158418894318
86.903	0.128624143904646
86.943	0.149965793380825
86.983	0.134350026762544
87.023	0.144760944899504
87.063	0.144239910522929
87.103	0.142158418894318
87.143	0.142678435625627
87.184	0.142158418894318
87.225	0.125500583522883
87.266	0.135391281399483
87.306	0.128103923644284
87.347	0.14580199600739
87.387	0.14580199600739
87.427	0.157253965252237
87.467	0.130706449649471
87.507	0.131226669909834
87.547	0.142158418894318
87.587	0.122378040786387
87.627	0.134350026762544
87.667	0.149445573120462
87.707	0.141117164257379
87.748	0.146843250644329
87.788	0.12602161789946
87.828	0.141637384517741
87.868	0.134350026762544
87.909	0.147363267375639
87.95	0.139034858512555
87.99	0.142678435625627
88.03	0.139555078772917
88.071	0.130185415272895
88.111	0.129145178281223
88.151	0.137473587144306
88.192	0.127582889267707
88.232	0.136432332507367
88.272	0.139555078772917
88.312	0.147363267375639
88.353	0.157253965252237
88.394	0.146843250644329
88.434	0.146843250644329
88.474	0.130706449649471
88.514	0.141637384517741
88.554	0.143719690262566
88.594	0.13695255276773
88.634	0.143199470002202
88.674	0.142158418894318
88.714	0.125500583522883
88.755	0.147884301752214
88.795	0.129665195012532
88.835	0.131747500757356
88.876	0.133829806502181
88.916	0.125500583522883
88.957	0.137993807404669
88.997	0.131747500757356
89.038	0.128103923644284
89.078	0.146322216267752
89.118	0.121857006409811
89.158	0.140596129880802
89.198	0.136432332507367
89.239	0.138514638252191
89.279	0.107802511159777
89.319	0.120295735041562
89.359	0.130706449649471
89.399	0.136432332507367
89.439	0.134350026762544
89.479	0.130706449649471
89.519	0.134870247022906
89.559	0.123419091894272
89.599	0.133829806502181
89.639	0.125500583522883
89.679	0.135911501659845
89.719	0.141117164257379
89.759	0.134350026762544
89.799	0.14580199600739
89.839	0.135911501659845
89.879	0.124460346531211
89.92	0.116131123551915
89.961	0.128624143904646
90.002	0.133308975654657
90.042	0.121857006409811
90.082	0.122378040786387
90.123	0.139555078772917
90.163	0.125500583522883
90.203	0.1197755147812
90.244	0.126541838159822
90.285	0.128103923644284
90.325	0.140596129880802
90.366	0.133829806502181
90.406	0.131747500757356
90.446	0.132267721017718
90.486	0.127062669007345
90.526	0.129145178281223
90.566	0.118213429296738
90.606	0.124980363262521
90.646	0.13695255276773
90.686	0.129145178281223
90.726	0.137473587144306
90.766	0.14580199600739
90.807	0.108843765796716
90.847	0.112487342909788
90.887	0.130185415272895
90.927	0.141117164257379
90.967	0.145280961630813
91.007	0.144760944899504
91.048	0.121857006409811
91.088	0.115090683031188
91.129	0.107802511159777
91.169	0.130185415272895
91.209	0.124980363262521
91.249	0.116651954399437
91.289	0.146843250644329
91.329	0.121857006409811
91.37	0.124980363262521
91.411	0.123419091894272
91.451	0.120815751772872
91.492	0.144239910522929
91.533	0.142158418894318
91.573	0.136432332507367
91.614	0.122378040786387
91.654	0.116131123551915
91.694	0.131226669909834
91.734	0.141117164257379
91.774	0.127582889267707
91.814	0.122378040786387
91.854	0.112487342909788
91.895	0.133829806502181
91.935	0.123419091894272
91.975	0.108323545536353
92.015	0.131226669909834
92.055	0.1197755147812
92.097	0.106761460051892
92.137	0.128624143904646
92.177	0.1197755147812
92.217	0.129665195012532
92.257	0.118213429296738
92.297	0.135391281399483
92.337	0.124460346531211
92.377	0.126541838159822
92.417	0.124460346531211
92.457	0.132267721017718
92.498	0.121336786149448
92.539	0.127062669007345
92.579	0.121336786149448
92.619	0.12602161789946
92.66	0.137993807404669
92.7	0.137993807404669
92.74	0.129665195012532
92.781	0.127582889267707
92.822	0.120815751772872
92.862	0.113008377286365
92.902	0.116651954399437
92.942	0.116651954399437
92.982	0.130706449649471
93.023	0.12602161789946
93.063	0.129665195012532
93.103	0.127062669007345
93.143	0.124980363262521
93.183	0.124460346531211
93.223	0.122378040786387
93.263	0.143719690262566
93.303	0.115090683031188
93.343	0.131226669909834
93.384	0.113008377286365
93.425	0.118734260144261
93.466	0.123419091894272
93.506	0.123939312154635
93.548	0.120815751772872
93.588	0.137993807404669
93.629	0.129145178281223
93.669	0.147363267375639
93.71	0.103638713786342
93.75	0.117172174659799
93.79	0.122898057517697
93.831	0.120295735041562
93.871	0.140076113149494
93.911	0.120815751772872
93.951	0.124460346531211
93.991	0.123419091894272
94.031	0.121857006409811
94.071	0.108323545536353
94.112	0.132788755394295
94.152	0.137993807404669
94.192	0.136432332507367
94.232	0.132267721017718
94.273	0.119254480404623
94.314	0.107802511159777
94.355	0.120295735041562
94.395	0.116131123551915
94.435	0.123939312154635
94.476	0.122378040786387
94.516	0.140596129880802
94.557	0.121336786149448
94.597	0.12602161789946
94.638	0.137993807404669
94.678	0.116131123551915
94.719	0.135911501659845
94.759	0.126541838159822
94.799	0.134870247022906
94.839	0.13695255276773
94.879	0.131747500757356
94.919	0.121336786149448
94.959	0.118734260144261
95.0	0.122898057517697
95.04	0.117693209036376
95.08	0.121857006409811
95.12	0.138514638252191
95.16	0.121336786149448
95.2	0.0999951366732695
95.241	0.107282290899414
95.281	0.114049428394249
95.321	0.121336786149448
95.361	0.115090683031188
95.401	0.107282290899414
95.442	0.128624143904646
95.482	0.122378040786387
95.523	0.110926071541539
95.563	0.106241239791528
95.604	0.121857006409811
95.644	0.120295735041562
95.684	0.116131123551915
95.725	0.110926071541539
95.765	0.124460346531211
95.805	0.109884816904602
95.845	0.116651954399437
95.885	0.110926071541539
95.925	0.123419091894272
95.966	0.132267721017718
96.006	0.114569648654612
96.046	0.111446291801903
96.086	0.106761460051892
96.126	0.115090683031188
96.166	0.129145178281223
96.206	0.117172174659799
96.246	0.130185415272895
96.286	0.134870247022906
96.326	0.123419091894272
96.366	0.126541838159822
96.406	0.113008377286365
96.447	0.130706449649471
96.487	0.120295735041562
96.527	0.135911501659845
96.567	0.12602161789946
96.607	0.119254480404623
96.647	0.118213429296738
96.687	0.123939312154635
96.727	0.113528597546727
96.767	0.128624143904646
96.807	0.130706449649471
96.849	0.115090683031188
96.89	0.125500583522883
96.93	0.109884816904602
96.97	0.118734260144261
97.011	0.105721019531166
97.051	0.114569648654612
97.092	0.118734260144261
97.132	0.111446291801903
97.173	0.119254480404623
97.213	0.1197755147812
97.253	0.121336786149448
97.293	0.113008377286365
97.334	0.105721019531166
97.375	0.115090683031188
97.415	0.114569648654612
97.455	0.10519998515459
97.495	0.116131123551915
97.535	0.104679968423281
97.576	0.111967122649426
97.617	0.103638713786342
97.657	0.107802511159777
97.697	0.117172174659799
97.737	0.108323545536353
97.777	0.118734260144261
97.817	0.107802511159777
97.858	0.112487342909788
97.898	0.0999951366732695
97.938	0.118213429296738
97.979	0.110926071541539
98.019	0.122898057517697
98.059	0.102597662678456
98.099	0.110926071541539
98.139	0.114049428394249
98.179	0.111967122649426
98.219	0.119254480404623
98.259	0.118213429296738
98.299	0.117172174659799
98.339	0.120815751772872
98.379	0.115090683031188
98.419	0.107282290899414
98.459	0.112487342909788
98.5	0.110926071541539
98.54	0.110926071541539
98.58	0.119254480404623
98.62	0.113528597546727
98.66	0.117693209036376
98.701	0.111967122649426
98.741	0.124980363262521
98.781	0.117693209036376
98.822	0.132267721017718
98.862	0.117172174659799
98.902	0.117172174659799
98.942	0.108323545536353
98.983	0.106241239791528
99.023	0.106241239791528
99.064	0.108843765796716
99.104	0.105721019531166
99.144	0.111446291801903
99.184	0.104679968423281
99.224	0.123419091894272
99.264	0.0999951366732695
99.304	0.106241239791528
99.345	0.0921867445414954
99.385	0.10519998515459
99.425	0.114049428394249
99.465	0.113008377286365
99.505	0.127062669007345
99.545	0.115090683031188
99.585	0.130185415272895
99.625	0.111446291801903
99.666	0.109884816904602
99.706	0.107282290899414
99.747	0.118213429296738
99.787	0.112487342909788
99.827	0.109884816904602
99.867	0.115090683031188
99.907	0.0999951366732695
99.947	0.110926071541539
99.987	0.102597662678456
100.027	0.115610903291551
100.067	0.129145178281223
100.108	0.116651954399437
100.149	0.115090683031188
100.19	0.112487342909788
100.23	0.114569648654612
100.27	0.109364596644238
100.311	0.109364596644238
100.351	0.115090683031188
100.392	0.0994741022966929
100.433	0.119254480404623
100.474	0.103117679409765
100.514	0.103638713786342
100.554	0.102076628301881
100.594	0.108323545536353
100.634	0.107802511159777
100.674	0.112487342909788
100.714	0.112487342909788
100.754	0.0921867445414954
100.794	0.0984330511888082
100.834	0.107802511159777
100.874	0.0916665242811315
100.914	0.0989538820363305
100.954	0.0999951366732695
100.994	0.110926071541539
101.034	0.0958305251836206
101.075	0.0895842185363078
101.115	0.0869818960601744
101.155	0.0848995903153492
101.195	0.109364596644238
101.235	0.106241239791528
101.276	0.112487342909788
101.316	0.126541838159822
101.356	0.121336786149448
101.396	0.114049428394249
101.436	0.087501912791484
101.476	0.114569648654612
101.516	0.115090683031188
101.557	0.122378040786387
101.597	0.392014551838844
101.637	0.536203284981309
101.677	0.648117602017844
101.717	0.724115757596857
101.757	0.773567008160264
101.797	0.838112380378217
101.837	0.881317731352416
101.877	0.929206082315148
101.918	0.968766838531009
101.958	1.00832759474687
101.998	1.04268350248141
102.039	1.05673779420239
102.079	1.09473646493379
102.119	0.933370693804796
102.159	0.8870428000941
102.199	0.895892243333761
102.24	0.910466958844156
102.28	0.86986576210757
102.32	0.868823693354417
102.361	0.867783456362745
102.401	0.853208740852347
102.441	0.829784785631345
102.481	0.844879517873052
102.521	0.839674465862677
102.561	0.829264565370982
102.601	0.821975782912412
102.641	0.818853036646862
102.681	0.791785300783733
102.722	0.814689239273426
102.762	0.808963152886475
102.803	0.811045458631301
102.843	0.807922101778591
102.883	0.786580248773359
102.923	0.795949912273382
102.963	0.796991166910319
103.003	0.789702995038907
103.043	0.781895417023348
103.083	0.785018163288896
103.123	0.777730805533698
103.163	0.769402396670615
103.203	0.767320090925791
103.243	0.77616953416545
103.283	0.774607448680989
103.324	0.769922616930977
103.364	0.772525957052378
103.404	0.752224544567871
103.445	0.761594208067893
103.485	0.745457407073036
103.525	0.752745578944447
103.566	0.751183289930932
103.607	0.75638915605752
103.647	0.747019492557497
103.688	0.765237785180966
103.729	0.742854881067848
103.769	0.727759334709929
103.809	0.72619806334168
103.849	0.747019492557497
103.889	0.743375915444424
103.929	0.734006251944402
103.969	0.736087743573013
104.009	0.73556752331265
104.049	0.713704839459895
104.089	0.731402911823001
104.129	0.728280369086506
104.169	0.72619806334168
104.209	0.719951756694368
104.249	0.731923946199578
104.289	0.717348620102021
104.33	0.725677843081318
104.37	0.721513231591669
104.411	0.722554282699555
104.451	0.717348620102021
104.491	0.699130327478553
104.531	0.705897464973388
104.571	0.707978956601999
104.611	0.707978956601999
104.652	0.690280884238892
104.692	0.701732853483739
104.733	0.702253684331261
104.773	0.691842969723354
104.813	0.705897464973388
104.853	0.693404444620655
104.894	0.695486750365479
104.934	0.702773904591625
104.974	0.695486750365479
105.014	0.681952475375808
105.055	0.689239629601953
105.096	0.687158137973342
105.136	0.673103846252362
105.176	0.689239629601953
105.217	0.679870169630985
105.257	0.670500506130962
105.297	0.665815674380951
105.337	0.692363189983716
105.377	0.681432255115446
105.417	0.696006767096788
105.457	0.689239629601953
105.498	0.680911220738869
105.539	0.667897980125774
105.579	0.658008096365389
105.619	0.672582811875786
105.659	0.665295454120587
105.699	0.67466511762061
105.739	0.687678358233705
105.779	0.672582811875786
105.819	0.672582811875786
105.859	0.65072012802303
105.899	0.655404959773042
105.939	0.664254403012702
105.979	0.65072012802303
106.019	0.649158856654783
106.059	0.653323468144431
106.099	0.667897980125774
106.139	0.665815674380951
106.179	0.644994855752294
106.219	0.648117602017844
106.259	0.652282213507493
106.299	0.648117602017844
106.339	0.667897980125774
106.379	0.663213148375763
106.42	0.651241162399607
106.46	0.643953804644409
106.5	0.640830244262645
106.54	0.636145412512634
106.58	0.656446010880928
106.62	0.646035296273019
106.661	0.657487265517867
106.701	0.622611341052016
106.741	0.64291255000747
106.781	0.632501835399561
106.822	0.612721457291631
106.862	0.647597381757482
106.902	0.63978919315476
106.942	0.645515076012656
106.982	0.639268972894398
107.022	0.641871498899584
107.062	0.625734697904726
107.102	0.630419529654738
107.142	0.620529645894352
107.183	0.62469364679684
107.223	0.6335430900365
107.264	0.635104361404749
107.304	0.635104361404749
107.344	0.624173426536478
107.385	0.622611341052016
107.426	0.641871498899584
107.466	0.633022055659924
107.506	0.633022055659924
107.546	0.628337223909914
107.586	0.629899309394375
107.626	0.613241677551993
107.666	0.616365034404703
107.707	0.62000881504683
107.747	0.605954319796796
107.788	0.611680202654692
107.828	0.60491326868891
107.868	0.620529645894352
107.908	0.61376271192857
107.948	0.618967560409891
107.989	0.619488594786466
108.029	0.599708216678536
108.069	0.621570900531291
108.109	0.614803763036455
108.149	0.614803763036455
108.189	0.603351793791608
108.229	0.593462113560276
108.269	0.606995574433735
108.309	0.603351793791608
108.349	0.597105690673348
108.389	0.603351793791608
108.429	0.612201237031269
108.469	0.591379807815452
108.509	0.599187182301959
108.549	0.588256247433689
108.589	0.612201237031269
108.629	0.608556845801982
108.669	0.598666962041597
108.709	0.60179052242336
108.75	0.593462113560276
108.79	0.590338553178513
108.83	0.604393048428547
108.87	0.587215196325803
108.91	0.600228436938898
108.951	0.628858258286489
108.991	0.602310742683724
109.031	0.593982130291586
109.071	0.58096888967849
109.111	0.588256247433689
109.152	0.601269488046785
109.192	0.582530364575792
109.233	0.592420858923338
109.273	0.609077880178559
109.314	0.603872014051971
109.354	0.572640480815407
109.394	0.58096888967849
109.434	0.593462113560276
109.474	0.582530364575792
109.514	0.578886583933667
109.554	0.603872014051971
109.595	0.598666962041597
109.635	0.575243006820594
109.675	0.585653721428502
109.715	0.577325312565418
109.756	0.574722786560232
109.796	0.590338553178513
109.836	0.57784553282578
109.877	0.577325312565418
109.917	0.584612670320617
109.957	0.590338553178513
109.998	0.574201752183655
110.038	0.573681735452346
110.078	0.577325312565418
110.118	0.583571415683678
110.158	0.581489109938853
110.199	0.578366363673304
110.239	0.602310742683724
110.279	0.583571415683678
110.319	0.577325312565418
110.359	0.571078395330945
110.399	0.573160701075769
110.439	0.589297502070628
110.479	0.588777281810265
110.52	0.582530364575792
110.56	0.565873343320572
110.601	0.551298017223015
110.641	0.581489109938853
110.681	0.576284057928479
110.721	0.570037954810221
110.761	0.576284057928479
110.801	0.57784553282578
110.841	0.577325312565418
110.882	0.562749986467862
110.922	0.578366363673304
110.963	0.566393563580934
111.004	0.574722786560232
111.044	0.580448058830968
111.085	0.56118851157056
111.125	0.565353123060209
111.165	0.564312071952323
111.205	0.557023900080911
111.245	0.573681735452346
111.285	0.567955649065395
111.326	0.560667680723038
111.366	0.560667680723038
111.407	0.566914597957511
111.447	0.553901357344415
111.487	0.569517123962697
111.527	0.549216525594404
111.567	0.573160701075769
111.607	0.545051914104755
111.647	0.554421374075725
111.687	0.573160701075769
111.727	0.554421374075725
111.768	0.542449388099569
111.809	0.539325827717805
111.849	0.566393563580934
111.889	0.557023900080911
111.93	0.563791037575748
111.97	0.555982848973026
112.011	0.570037954810221
112.052	0.548695491217827
112.092	0.562229766207499
112.133	0.559106205825736
112.173	0.557544934457488
112.213	0.556503679820549
112.253	0.563270817315384
112.293	0.5523390683309
112.333	0.559627240202312
112.374	0.543490439207454
112.414	0.542449388099569
112.454	0.542449388099569
112.494	0.555982848973026
112.534	0.553901357344415
112.574	0.545572744952277
112.615	0.545572744952277
112.655	0.540887913202267
112.695	0.540367082354744
112.735	0.557023900080911
112.775	0.543490439207454
112.815	0.559106205825736
112.855	0.545572744952277
112.895	0.540367082354744
112.935	0.549736542325714
112.975	0.549216525594404
113.015	0.533079724599546
113.056	0.552860102707476
113.096	0.529436147486474
113.136	0.550257576702289
113.176	0.548695491217827
113.216	0.539325827717805
113.256	0.51538165223644
113.296	0.537764556349558
113.337	0.521107535094336
113.378	0.551298017223015
113.419	0.545572744952277
113.459	0.53828477660992
113.499	0.533599944859909
113.539	0.539325827717805
113.579	0.538805607457442
113.619	0.51538165223644
113.659	0.543490439207454
113.699	0.549216525594404
113.739	0.522148789731275
113.779	0.53516203034437
113.819	0.544531693844393
113.859	0.510696820486428
113.899	0.533599944859909
113.939	0.532038469962607
113.979	0.537764556349558
114.019	0.522669009991637
114.059	0.541928353722992
114.099	0.533079724599546
114.139	0.527873858472958
114.179	0.523189230252001
114.22	0.528915113109897
114.26	0.526833621481286
114.3	0.534640995967793
114.34	0.522669009991637
114.38	0.540367082354744
114.421	0.507053243373356
114.461	0.508094294481241
114.501	0.523189230252001
114.541	0.519025229349512
114.581	0.522148789731275
114.621	0.520586704246813
114.661	0.52631258710471
114.701	0.520586704246813
114.741	0.516942923604688
114.781	0.509134735001967
114.821	0.51850439850199
114.861	0.534640995967793
114.902	0.531518453231298
114.942	0.521627755354698
114.983	0.530997418854721
115.024	0.52631258710471
115.065	0.519545449609874
115.106	0.513299346491614
115.146	0.516942923604688
115.186	0.522669009991637
115.226	0.52631258710471
115.267	0.529436147486474
115.307	0.529436147486474
115.347	0.492477713746745
115.388	0.517984178241626
115.428	0.497683579873333
115.468	0.512258091854677
115.508	0.538805607457442
115.548	0.505491157888895
115.588	0.513819566751978
115.628	0.497162545496757
115.668	0.521627755354698
115.708	0.511738075123367
115.748	0.515901872496802
115.789	0.520066483986451
115.829	0.512258091854677
115.869	0.522148789731275
115.909	0.513819566751978
115.95	0.510696820486428
115.99	0.511738075123367
116.031	0.512779126231252
116.071	0.498203800133696
116.111	0.504970937628531
116.152	0.495601274128509
116.192	0.500806326138883
116.233	0.509655769378542
116.273	0.511217040746791
116.313	0.514340397599501
116.353	0.511217040746791
116.394	0.520066483986451
116.434	0.517984178241626
116.475	0.505491157888895
116.515	0.494040002760261
116.555	0.507573463633718
116.595	0.496121494388872
116.635	0.502888631883707
116.675	0.515901872496802
116.715	0.508094294481241
116.756	0.49456001949157
116.797	0.502888631883707
116.837	0.500286105878521
116.877	0.492477713746745
116.917	0.511738075123367
116.957	0.503929682991593
116.997	0.515901872496802
117.037	0.502368411623345
117.077	0.491957697015436
117.117	0.504449903251955
117.157	0.510175786109852
117.197	0.492477713746745
117.237	0.508614514741605
117.277	0.497683579873333
117.317	0.498203800133696
117.357	0.494040002760261
117.397	0.490395408001921
117.437	0.494040002760261
117.477	0.495080239751933
117.517	0.49143666263886
117.557	0.506011988736417
117.597	0.506532208996779
117.637	0.499244851241582
117.677	0.488834136633673
117.717	0.48831391637331
117.757	0.499244851241582
117.797	0.497683579873333
117.837	0.500286105878521
117.877	0.492998748123322
117.918	0.498203800133696
117.958	0.500806326138883
117.998	0.475300675760215
118.038	0.475820896020578
118.078	0.483108253775777
118.118	0.503409462731229
118.158	0.483108253775777
118.199	0.481546778878475
118.239	0.482066999138838
118.279	0.483108253775777
118.319	0.484670339260238
118.359	0.486751830888849
118.399	0.499765071501944
118.439	0.475820896020578
118.479	0.486231610628487
118.519	0.468012503888803
118.559	0.477382167388826
118.599	0.482066999138838
118.639	0.478944252873288
118.679	0.494040002760261
118.719	0.484670339260238
118.759	0.46853353826538
118.8	0.472177318907505
118.84	0.474259624652331
118.881	0.466971452780919
118.921	0.471136064270566
118.961	0.477382167388826
119.002	0.489355171010249
119.042	0.487272865265426
119.083	0.474259624652331
119.123	0.472697335638815
119.163	0.474779641383639
119.203	0.472697335638815
119.243	0.488834136633673
119.283	0.482066999138838
119.324	0.478944252873288
119.364	0.47165628453093
119.404	0.473738590275754
119.444	0.477903201765403
119.484	0.465931012260193
119.524	0.476861947128464
119.564	0.481546778878475
119.604	0.487793085525788
119.644	0.486751830888849
119.684	0.475820896020578
119.724	0.479985507510227
119.764	0.468012503888803
119.805	0.472177318907505
119.846	0.47165628453093
119.887	0.466971452780919
119.927	0.473218370015392
119.967	0.469053758525743
120.007	0.467492487157494
120.047	0.484670339260238
120.087	0.462286621030907
120.128	0.467492487157494
120.168	0.464368926775731
120.208	0.467492487157494
120.248	0.473738590275754
120.288	0.478423422025765
120.328	0.462807655407483
120.368	0.47165628453093
120.408	0.467492487157494
120.449	0.467492487157494
120.489	0.487793085525788
120.53	0.470094809633629
120.57	0.474259624652331
120.61	0.460725349662659
120.65	0.475300675760215
120.69	0.458643043917835
120.73	0.472697335638815
120.77	0.464368926775731
120.811	0.472697335638815
120.851	0.464368926775731
120.892	0.471136064270566
120.932	0.465931012260193
120.972	0.449794414794387
121.012	0.444068328407438
121.052	0.475820896020578
121.092	0.473738590275754
121.132	0.463848706515369
121.172	0.471136064270566
121.212	0.472697335638815
121.252	0.456040517912647
121.292	0.448232125780873
121.333	0.460725349662659
121.373	0.469053758525743
121.413	0.463327875667846
121.453	0.468012503888803
121.493	0.45656073817301
121.533	0.46853353826538
121.574	0.46853353826538
121.614	0.456040517912647
121.655	0.462807655407483
121.696	0.45656073817301
121.736	0.457601789280896
121.776	0.452396737270522
121.816	0.453958212167824
121.856	0.45968409502572
121.896	0.470615844010204
121.936	0.452396737270522
121.976	0.465931012260193
122.017	0.466451232520555
122.058	0.458122823657471
122.098	0.454479043015346
122.138	0.437301190912602
122.179	0.451875906422998
122.219	0.436260139804717
122.259	0.457081569020534
122.299	0.44562980330474
122.339	0.469053758525743
122.379	0.447191074672987
122.419	0.45968409502572
122.459	0.462286621030907
122.499	0.461246180510181
122.539	0.458643043917835
122.579	0.458643043917835
122.619	0.455520297652285
122.659	0.44875316015745
122.699	0.454479043015346
122.739	0.475820896020578
122.779	0.445109583044376
122.819	0.43678097065224
122.86	0.46853353826538
122.901	0.460205129402296
122.942	0.467492487157494
122.983	0.446150634152262
123.023	0.446150634152262
123.063	0.455520297652285
123.103	0.444588548667801
123.143	0.439383496657427
123.183	0.462807655407483
123.223	0.450835465902274
123.263	0.453958212167824
123.303	0.445109583044376
123.343	0.440424751294366
123.384	0.427931730941633
123.424	0.454999263275708
123.464	0.449794414794387
123.504	0.441465802402251
123.544	0.444588548667801
123.584	0.440424751294366
123.624	0.421164593446797
123.665	0.444068328407438
123.705	0.434698664907416
123.745	0.458643043917835
123.785	0.450835465902274
123.825	0.460205129402296
123.865	0.447712109049564
123.905	0.43365761379953
123.945	0.454479043015346
123.985	0.449273380417812
124.026	0.447712109049564
124.066	0.456040517912647
124.106	0.44562980330474
124.147	0.440944971554729
124.187	0.441986022662613
124.227	0.434177834059892
124.268	0.447191074672987
124.309	0.447191074672987
124.349	0.450835465902274
124.389	0.451875906422998
124.43	0.443027277299552
124.471	0.434698664907416
124.511	0.424287950299507
124.551	0.444068328407438
124.591	0.439383496657427
124.631	0.435739919544355
124.671	0.447191074672987
124.711	0.43365761379953
124.751	0.426370256044332
124.791	0.421685424294321
124.831	0.421685424294321
124.871	0.430534053417767
124.911	0.423246899191622
124.952	0.441986022662613
124.993	0.43678097065224
125.033	0.430014036686457
125.074	0.407110098196764
125.114	0.426370256044332
125.154	0.43365761379953
125.194	0.432096342431281
125.235	0.441986022662613
125.275	0.444068328407438
125.315	0.426370256044332
125.355	0.425849425196808
125.396	0.429493002309881
125.437	0.40971262420195
125.478	0.43365761379953
125.518	0.452396737270522
125.558	0.434698664907416
125.598	0.427411510681271
125.639	0.421164593446797
125.679	0.42272667893126
125.719	0.421164593446797
125.759	0.436260139804717
125.799	0.441465802402251
125.839	0.430014036686457
125.879	0.441465802402251
125.92	0.431575308054706
125.96	0.431575308054706
126.0	0.415438507059848
126.04	0.419603118549495
126.08	0.437301190912602
126.12	0.422205644554683
126.16	0.424808170559871
126.201	0.417000592544309
126.241	0.410753675309836
126.281	0.420123338809859
126.321	0.423246899191622
126.361	0.419603118549495
126.401	0.428972782049518
126.441	0.43365761379953
126.481	0.442506242922976
126.521	0.430014036686457
126.561	0.438862665809903
126.602	0.428972782049518
126.642	0.432096342431281
126.682	0.442506242922976
126.723	0.434177834059892
126.763	0.437821411172966
126.803	0.421164593446797
126.843	0.408151149304649
126.884	0.440944971554729
126.924	0.416479761696787
126.964	0.419082287701973
127.004	0.429493002309881
127.044	0.423246899191622
127.084	0.428972782049518
127.124	0.403987351931214
127.164	0.393576637323305
127.204	0.409192403941588
127.244	0.423246899191622
127.284	0.421164593446797
127.324	0.418562067441611
127.366	0.406068843559825
127.406	0.403466521083692
127.446	0.412315964323351
127.487	0.412315964323351
127.527	0.38680949982847
127.567	0.43365761379953
127.607	0.408151149304649
127.647	0.43678097065224
127.687	0.425329204936446
127.727	0.411274709686412
127.767	0.408672183681225
127.807	0.427411510681271
127.847	0.424287950299507
127.888	0.405027792451939
127.928	0.413877235691599
127.968	0.415959541436423
128.008	0.418041847181248
128.048	0.420123338809859
128.089	0.414397455951962
128.129	0.413357015431237
128.17	0.42272667893126
128.211	0.407110098196764
128.252	0.408151149304649
128.292	0.416479761696787
128.332	0.413357015431237
128.372	0.402425266446753
128.413	0.420123338809859
128.453	0.403466521083692
128.493	0.415959541436423
128.533	0.414918286799484
128.573	0.406068843559825
128.614	0.414918286799484
128.654	0.421164593446797
128.694	0.402425266446753
128.734	0.412315964323351
128.774	0.408151149304649
128.814	0.425849425196808
128.854	0.419603118549495
128.894	0.405548826828516
128.934	0.418562067441611
128.974	0.402946300823328
129.014	0.407110098196764
129.054	0.420123338809859
129.094	0.413357015431237
129.134	0.420123338809859
129.175	0.405548826828516
129.216	0.417000592544309
129.256	0.418562067441611
129.297	0.401384215338867
129.337	0.412315964323351
129.377	0.414918286799484
129.417	0.398261469073317
129.458	0.407631132573339
129.499	0.410753675309836
129.539	0.413357015431237
129.579	0.39305560294673
129.62	0.39878168933368
129.66	0.413357015431237
129.7	0.410233658578527
129.741	0.405027792451939
129.781	0.401905046186389
129.821	0.389933060210233
129.861	0.399822740441565
129.901	0.389412025833658
129.942	0.389933060210233
129.982	0.412315964323351
130.022	0.402946300823328
130.062	0.412315964323351
130.103	0.4065898779364
130.143	0.385248228460221
130.184	0.402946300823328
130.225	0.398261469073317
130.265	0.407110098196764
130.305	0.398261469073317
130.345	0.390453076941542
130.385	0.391494331578481
130.425	0.411274709686412
130.465	0.403987351931214
130.505	0.402425266446753
130.545	0.40971262420195
130.586	0.407110098196764
130.626	0.399822740441565
130.667	0.405548826828516
130.707	0.402946300823328
130.747	0.392014551838844
130.788	0.4065898779364
130.828	0.41283598105466
130.869	0.412315964323351
130.909	0.40971262420195
130.949	0.387329720088832
130.989	0.387329720088832
131.03	0.397220214436379
131.071	0.388370771196719
131.111	0.411794929946776
131.151	0.401384215338867
131.191	0.39878168933368
131.231	0.387329720088832
131.272	0.384727194083646
131.312	0.388370771196719
131.352	0.381603837230936
131.393	0.402946300823328
131.434	0.387850754465409
131.474	0.394617891960244
131.515	0.38680949982847
131.555	0.378481090965386
131.596	0.367549341980902
131.637	0.372234173730913
131.678	0.387850754465409
131.719	0.379522142073272
131.759	0.387850754465409
131.8	0.409192403941588
131.841	0.384206973823284
131.881	0.39305560294673
131.921	0.379522142073272
131.962	0.403466521083692
132.002	0.389412025833658
132.042	0.39878168933368
132.082	0.402425266446753
132.122	0.379522142073272
132.162	0.391494331578481
132.203	0.376398785220563
132.244	0.385248228460221
132.285	0.38368614297576
132.325	0.388370771196719
132.365	0.396179163328493
132.406	0.383165922715398
132.446	0.374316479475737
132.487	0.376398785220563
132.527	0.395658128951916
132.567	0.393576637323305
132.607	0.379522142073272
132.647	0.394096857583669
132.687	0.381603837230936
132.727	0.372755004578436
132.767	0.36702912172054
132.807	0.364946815975716
132.848	0.369111427465364
132.888	0.381083616970574
132.928	0.377439836328447
132.968	0.380042362333635
133.008	0.350892320725682
133.048	0.389412025833658
133.088	0.37796005658881
133.128	0.371193733210189
133.168	0.37796005658881
133.208	0.37796005658881
133.248	0.388370771196719
133.288	0.395137908691554
133.329	0.372234173730913
133.369	0.383165922715398
133.409	0.400342960701928
133.449	0.381603837230936
133.489	0.400863995078504
133.53	0.390453076941542
133.57	0.377439836328447
133.61	0.376919005480925
133.651	0.383165922715398
133.691	0.379001311225749
133.732	0.374316479475737
133.773	0.376398785220563
133.814	0.400863995078504
133.854	0.373796259215375
133.894	0.386288465451895
133.934	0.361303238862642
133.974	0.361824069710166
134.014	0.366508901460177
134.054	0.380042362333635
134.094	0.386288465451895
134.135	0.376919005480925
134.176	0.3732752248388
134.217	0.362864510230891
134.257	0.37796005658881
134.297	0.36390576486783
134.338	0.379522142073272
134.379	0.3732752248388
134.419	0.382644888338821
134.46	0.359741763965341
134.5	0.361303238862642
134.541	0.370152682102303
134.582	0.361303238862642
134.623	0.36078301860228
134.663	0.343084132122961
134.703	0.369111427465364
134.743	0.361303238862642
134.784	0.380042362333635
134.824	0.357138627372995
134.865	0.351933575362621
134.905	0.361824069710166
134.945	0.362344289970528
134.985	0.370152682102303
135.027	0.350372303994372
135.067	0.358700712857456
135.108	0.359220933117818
135.148	0.360261984225705
135.188	0.348289998249547
135.228	0.358700712857456
135.269	0.354536101367807
135.31	0.344125183230845
135.35	0.344125183230845
135.39	0.3732752248388
135.431	0.340481606117773
135.472	0.361303238862642
135.513	0.354536101367807
135.553	0.372234173730913
135.593	0.357659458220517
135.633	0.372755004578436
135.673	0.358179678480879
135.713	0.365988070612654
135.753	0.367549341980902
135.793	0.38056339671021
135.833	0.368070376357479
135.873	0.369111427465364
135.913	0.359220933117818
135.953	0.356618407112632
135.993	0.354536101367807
136.033	0.3732752248388
136.073	0.361303238862642
136.113	0.3732752248388
136.153	0.368070376357479
136.193	0.3732752248388
136.234	0.352453795622983
136.275	0.346728523352246
136.315	0.359220933117818
136.356	0.358700712857456
136.397	0.349851269617796
136.438	0.36390576486783
136.478	0.3732752248388
136.518	0.370152682102303
136.559	0.370672698833612
136.6	0.355056932215329
136.64	0.360261984225705
136.68	0.3758785649602
136.721	0.370152682102303
136.761	0.375357530583623
136.801	0.38056339671021
136.842	0.362864510230891
136.883	0.375357530583623
136.923	0.343605166499537
136.964	0.36390576486783
137.005	0.349851269617796
137.045	0.376919005480925
137.085	0.361303238862642
137.125	0.368590393088788
137.165	0.359220933117818
137.205	0.368590393088788
137.245	0.370152682102303
137.285	0.3732752248388
137.325	0.37796005658881
137.365	0.371193733210189
137.405	0.362344289970528
137.445	0.367549341980902
137.485	0.348810014980857
137.526	0.355056932215329
137.566	0.370152682102303
137.606	0.364426595715352
137.646	0.36702912172054
137.686	0.371193733210189
137.726	0.372234173730913
137.766	0.3758785649602
137.806	0.357659458220517
137.847	0.369111427465364
137.887	0.359220933117818
137.927	0.371713953470551
137.967	0.359220933117818
138.007	0.373796259215375
138.049	0.356618407112632
138.089	0.342043691602234
138.129	0.367549341980902
138.169	0.367549341980902
138.209	0.348289998249547
138.25	0.363385544607467
138.29	0.374837310323261
138.331	0.355056932215329
138.371	0.343605166499537
138.411	0.349331049357433
138.451	0.357659458220517
138.491	0.335276554107399
138.531	0.357138627372995
138.571	0.354536101367807
138.611	0.36078301860228
138.651	0.333714468622938
138.692	0.347768963872972
138.733	0.34620748897567
138.773	0.349851269617796
138.813	0.357659458220517
138.854	0.365467850352291
138.894	0.379001311225749
138.934	0.33111194261775
138.974	0.351413355102257
139.014	0.362864510230891
139.054	0.338920334749526
139.095	0.36078301860228
139.135	0.354015881107445
139.175	0.362344289970528
139.215	0.332674231631266
139.255	0.349851269617796
139.295	0.347768963872972
139.337	0.345687472244361
139.377	0.349851269617796
139.417	0.364426595715352
139.457	0.349851269617796
139.497	0.353494846730868
139.538	0.337879080112587
139.579	0.33111194261775
139.619	0.348810014980857
139.659	0.350372303994372
139.699	0.364946815975716
139.739	0.349851269617796
139.779	0.342043691602234
139.819	0.353494846730868
139.859	0.333194248362575
139.899	0.34100264049435
139.939	0.348289998249547
139.979	0.361824069710166
140.019	0.349331049357433
140.059	0.339440555009888
140.099	0.350892320725682
140.139	0.347768963872972
140.179	0.348810014980857
140.219	0.36390576486783
140.259	0.345166437867784
140.299	0.347248743612609
140.339	0.361824069710166
140.379	0.349331049357433
140.419	0.34620748897567
140.459	0.354015881107445
140.499	0.332153197254689
140.539	0.356618407112632
140.579	0.364946815975716
140.62	0.361303238862642
140.661	0.359220933117818
140.701	0.360261984225705
140.742	0.34620748897567
140.782	0.335276554107399
140.822	0.332153197254689
140.863	0.335796774367762
140.903	0.343084132122961
140.944	0.352453795622983
140.984	0.351413355102257
141.024	0.348810014980857
141.064	0.329029636872926
141.104	0.336838029004701
141.144	0.322783533754666
141.185	0.343084132122961
141.225	0.343605166499537
141.265	0.343084132122961
141.305	0.344646217607422
141.345	0.339440555009888
141.385	0.351933575362621
141.425	0.320701228009843
141.466	0.33111194261775
141.506	0.355056932215329
141.547	0.349331049357433
141.587	0.345687472244361
141.628	0.332674231631266
141.668	0.323824788391605
141.708	0.33111194261775
141.748	0.321222262386419
141.788	0.352453795622983
141.828	0.327989399881254
141.868	0.343605166499537
141.908	0.336838029004701
141.948	0.324344805122915
141.988	0.323304568131243
142.029	0.344646217607422
142.069	0.341522860754712
142.109	0.327989399881254
142.149	0.348810014980857
142.189	0.336838029004701
142.229	0.342043691602234
142.269	0.343084132122961
142.31	0.336838029004701
142.35	0.336317808744338
142.39	0.350892320725682
142.43	0.350892320725682
142.471	0.356618407112632
142.511	0.354015881107445
142.552	0.34100264049435
142.593	0.358179678480879
142.634	0.353494846730868
142.674	0.358179678480879
142.714	0.341522860754712
142.755	0.333714468622938
142.796	0.325386059759854
142.836	0.348810014980857
142.876	0.334755723259877
142.916	0.345166437867784
142.956	0.329550671249503
142.999	0.357138627372995
143.039	0.347768963872972
143.08	0.340481606117773
143.12	0.329029636872926
143.161	0.322783533754666
143.201	0.32642711086774
143.242	0.334755723259877
143.283	0.344125183230845
143.324	0.336317808744338
143.365	0.34100264049435
143.406	0.342043691602234
143.447	0.325386059759854
143.487	0.318098702004655
143.528	0.333714468622938
143.568	0.345687472244361
143.608	0.345687472244361
143.648	0.33996138585741
143.688	0.344125183230845
143.728	0.345166437867784
143.768	0.310811344249457
143.808	0.332153197254689
143.848	0.33996138585741
143.889	0.334755723259877
143.93	0.323304568131243
143.971	0.32018100774948
144.012	0.329029636872926
144.052	0.312372819146759
144.092	0.315496175999469
144.132	0.299359578533664
144.173	0.314975345151946
144.213	0.332674231631266
144.254	0.303524190023313
144.295	0.334235502999514
144.335	0.334235502999514
144.375	0.321742482646782
144.415	0.330070891509865
144.455	0.321742482646782
144.495	0.326948145244315
144.535	0.347768963872972
144.575	0.354015881107445
144.615	0.32018100774948
144.655	0.323824788391605
144.695	0.335796774367762
144.735	0.332153197254689
144.776	0.331632976994327
144.816	0.340481606117773
144.856	0.33996138585741
144.897	0.333714468622938
144.937	0.322263313494304
144.977	0.320701228009843
145.017	0.334755723259877
145.057	0.332153197254689
145.097	0.325386059759854
145.137	0.334755723259877
145.177	0.342563911862598
145.217	0.319660176901958
145.257	0.33111194261775
145.297	0.329029636872926
145.337	0.340481606117773
145.377	0.330070891509865
145.417	0.325386059759854
145.457	0.32018100774948
145.497	0.320701228009843
145.537	0.31133156450982
145.577	0.332674231631266
145.617	0.318098702004655
145.658	0.332153197254689
145.698	0.324344805122915
145.738	0.339440555009888
145.778	0.329029636872926
145.819	0.314455124891583
145.86	0.304044410283675
145.901	0.313413870254645
145.941	0.31393490463122
145.981	0.32018100774948
146.021	0.326948145244315
146.061	0.309250072881209
146.102	0.31133156450982
146.143	0.303003155646736
146.183	0.307687987396748
146.223	0.30040062964155
146.263	0.31393490463122
146.304	0.312893649994281
146.345	0.314455124891583
146.385	0.313413870254645
146.426	0.308209021773324
146.466	0.295715797891539
146.506	0.308729038504634
146.546	0.297798103636362
146.586	0.322783533754666
146.626	0.318098702004655
146.667	0.304565241131197
146.707	0.29727727278884
146.747	0.303003155646736
146.788	0.316537430636408
146.829	0.331632976994327
146.869	0.322263313494304
146.91	0.33111194261775
146.95	0.316016396259831
146.99	0.316016396259831
147.03	0.311852598886396
147.07	0.32642711086774
147.11	0.338920334749526
147.15	0.341522860754712
147.19	0.338920334749526
147.23	0.330591722357388
147.27	0.329029636872926
147.31	0.332153197254689
147.35	0.31705765089677
147.39	0.337879080112587
147.43	0.329550671249503
147.471	0.331632976994327
147.511	0.331632976994327
147.551	0.332153197254689
147.591	0.310811344249457
147.631	0.317578481744293
147.671	0.318619736381232
147.711	0.314975345151946
147.751	0.314975345151946
147.792	0.314455124891583
147.832	0.322263313494304
147.872	0.322263313494304
147.913	0.288428643665392
147.953	0.309250072881209
147.993	0.312372819146759
148.034	0.307687987396748
148.074	0.308729038504634
148.115	0.31133156450982
148.156	0.305085461391561
148.196	0.301962104538851
148.237	0.293113271886351
148.277	0.307687987396748
148.317	0.309250072881209
148.357	0.297798103636362
148.397	0.308729038504634
148.439	0.296236018151901
148.48	0.284264032175745
148.52	0.301962104538851
148.561	0.307167767136385
148.601	0.318619736381232
148.641	0.298318323896725
148.681	0.293633492146713
148.721	0.295195577631175
148.762	0.295195577631175
148.803	0.313413870254645
148.843	0.295715797891539
148.883	0.314975345151946
148.923	0.308729038504634
148.963	0.303524190023313
149.003	0.288948660396702
149.044	0.304044410283675
149.084	0.288948660396702
149.124	0.301962104538851
149.164	0.302482935386374
149.204	0.310290513401935
149.244	0.30040062964155
149.285	0.307167767136385
149.325	0.294674746783652
149.365	0.286866354651878
149.405	0.309250072881209
149.445	0.312372819146759
149.486	0.319139956641594
149.526	0.309250072881209
149.566	0.310290513401935
149.606	0.303003155646736
149.646	0.300920849901912
149.686	0.294674746783652
149.726	0.294674746783652
149.766	0.311852598886396
149.806	0.298839358273301
149.847	0.317578481744293
149.887	0.312372819146759
149.927	0.290510949410218
149.967	0.312893649994281
150.007	0.29155118640189
150.047	0.29415452652329
150.088	0.308209021773324
150.128	0.29727727278884
150.168	0.289989915033641
150.208	0.29155118640189
150.248	0.275935419783607
150.288	0.29415452652329
150.329	0.282181522901867
150.369	0.290510949410218
150.409	0.284264032175745
150.449	0.301441884278488
150.489	0.297798103636362
150.529	0.296757052528478
150.569	0.31133156450982
150.609	0.306126716028499
150.649	0.323304568131243
150.689	0.305085461391561
150.729	0.310290513401935
150.769	0.299880409381186
150.809	0.277496894680908
150.849	0.301962104538851
150.889	0.293113271886351
150.929	0.314455124891583
150.97	0.31393490463122
151.01	0.303524190023313
151.051	0.323304568131243
151.091	0.299880409381186
151.132	0.306646732759808
151.172	0.308209021773324
151.212	0.300920849901912
151.253	0.306126716028499
151.294	0.324344805122915
151.334	0.315496175999469
151.374	0.307687987396748
151.414	0.298318323896725
151.454	0.303524190023313
151.495	0.289989915033641
151.535	0.314975345151946
151.575	0.309250072881209
151.616	0.293113271886351
151.657	0.314975345151946
151.697	0.286866354651878
151.737	0.287387389028455
151.777	0.31133156450982
151.817	0.309770293141571
151.857	0.31133156450982
151.898	0.299359578533664
151.938	0.314455124891583
151.978	0.303003155646736
152.018	0.299359578533664
152.058	0.295195577631175
152.098	0.302482935386374
152.138	0.314975345151946
152.178	0.309250072881209
152.218	0.29155118640189
152.258	0.295195577631175
152.298	0.294674746783652
152.338	0.284784863023267
152.378	0.315496175999469
152.419	0.303524190023313
152.459	0.299359578533664
152.499	0.289989915033641
152.539	0.29727727278884
152.58	0.276456454160183
152.621	0.301962104538851
152.661	0.299359578533664
152.701	0.308209021773324
152.741	0.314455124891583
152.781	0.305085461391561
152.821	0.316016396259831
152.861	0.284264032175745
152.901	0.290510949410218
152.942	0.280620251533618
152.983	0.311852598886396
153.023	0.289469694773279
153.063	0.30040062964155
153.103	0.30040062964155
153.143	0.296757052528478
153.183	0.296757052528478
153.223	0.304044410283675
153.263	0.309250072881209
153.303	0.287907609288817
153.343	0.290510949410218
153.383	0.299359578533664
153.423	0.289989915033641
153.463	0.297798103636362
153.503	0.282181522901867
153.543	0.285826117660206
153.584	0.295195577631175
153.624	0.296757052528478
153.664	0.302482935386374
153.704	0.281141285910195
153.744	0.288428643665392
153.784	0.287387389028455
153.825	0.283743811915382
153.865	0.288428643665392
153.905	0.307687987396748
153.945	0.314455124891583
153.985	0.306126716028499
154.025	0.301962104538851
154.065	0.299880409381186
154.106	0.285826117660206
154.146	0.286866354651878
154.187	0.290510949410218
154.227	0.306646732759808
154.267	0.289469694773279
154.307	0.291030966141527
154.347	0.298318323896725
154.388	0.270209536925711
154.429	0.285826117660206
154.469	0.287387389028455
154.509	0.285826117660206
154.549	0.279579200425733
154.589	0.293633492146713
154.629	0.301962104538851
154.669	0.28530508328363
154.709	0.295715797891539
154.749	0.30040062964155
154.79	0.296757052528478
154.831	0.295195577631175
154.871	0.283743811915382
154.911	0.269689316665348
154.952	0.278537945788794
154.993	0.279579200425733
155.033	0.287387389028455
155.073	0.282181522901867
155.113	0.273853114038783
155.154	0.298318323896725
155.195	0.281141285910195
155.235	0.28530508328363
155.276	0.283222777538806
155.316	0.298318323896725
155.357	0.280100031273256
155.397	0.288948660396702
155.437	0.299880409381186
155.478	0.288428643665392
155.518	0.284784863023267
155.558	0.290510949410218
155.598	0.30040062964155
155.638	0.284784863023267
155.678	0.275935419783607
155.719	0.287387389028455
155.759	0.286866354651878
155.799	0.281141285910195
155.839	0.284784863023267
155.88	0.276456454160183
155.92	0.27437414841536
155.96	0.293633492146713
156.001	0.296236018151901
156.041	0.283222777538806
156.082	0.289989915033641
156.122	0.273332893778421
156.163	0.289989915033641
156.204	0.287387389028455
156.244	0.269689316665348
156.285	0.279058980165371
156.326	0.281141285910195
156.366	0.272812062930898
156.407	0.280620251533618
156.447	0.275935419783607
156.487	0.279058980165371
156.527	0.281141285910195
156.567	0.282181522901867
156.608	0.275935419783607
156.648	0.272291842670535
156.688	0.279579200425733
156.728	0.275935419783607
156.769	0.280100031273256
156.809	0.259278602057439
156.849	0.278017725528432
156.89	0.276456454160183
156.93	0.278537945788794
156.97	0.273853114038783
157.011	0.29415452652329
157.051	0.279579200425733
157.091	0.273853114038783
157.131	0.288948660396702
157.171	0.288948660396702
157.211	0.292592441038829
157.251	0.287387389028455
157.291	0.284784863023267
157.332	0.279058980165371
157.373	0.283743811915382
157.413	0.28530508328363
157.454	0.29155118640189
157.494	0.295195577631175
157.534	0.284784863023267
157.575	0.295715797891539
157.615	0.272812062930898
157.655	0.268648265557462
157.695	0.273332893778421
157.735	0.279058980165371
157.775	0.287907609288817
157.815	0.268127231180887
157.855	0.272291842670535
157.895	0.285826117660206
157.935	0.275415199523244
157.975	0.286346337920569
158.015	0.278537945788794
158.055	0.278537945788794
158.095	0.280620251533618
158.135	0.282702557278443
158.176	0.281141285910195
158.216	0.269168282288772
158.256	0.263442399430876
158.296	0.287387389028455
158.336	0.275415199523244
158.376	0.283222777538806
158.416	0.278537945788794
158.457	0.288948660396702
158.497	0.257717127160138
158.537	0.269689316665348
158.577	0.267086790660161
158.617	0.286866354651878
158.657	0.280620251533618
158.697	0.281661506170557
158.737	0.278017725528432
158.777	0.281661506170557
158.817	0.265004484915337
158.857	0.283743811915382
158.897	0.273853114038783
158.937	0.269689316665348
158.978	0.275935419783607
159.018	0.261360907802265
159.058	0.290510949410218
159.098	0.271771622410172
159.138	0.282181522901867
159.178	0.282181522901867
159.218	0.275415199523244
159.258	0.283743811915382
159.298	0.269689316665348
159.338	0.271250588033595
159.378	0.269689316665348
159.418	0.273853114038783
159.459	0.284264032175745
159.499	0.286866354651878
159.539	0.268127231180887
159.579	0.279058980165371
159.619	0.272812062930898
159.66	0.266045739552276
159.7	0.260319653165326
159.74	0.273853114038783
159.781	0.266565756283586
159.821	0.270209536925711
159.861	0.276456454160183
159.902	0.266565756283586
159.942	0.271250588033595
159.982	0.271771622410172
160.023	0.260319653165326
160.063	0.263963433807451
160.103	0.263442399430876
160.143	0.277496894680908
160.184	0.283743811915382
160.224	0.254593770307428
160.264	0.269689316665348
160.305	0.265524705175699
160.346	0.269168282288772
160.386	0.263442399430876
160.426	0.268648265557462
160.467	0.286346337920569
160.507	0.276456454160183
160.548	0.253031684822967
160.589	0.270209536925711
160.629	0.265524705175699
160.669	0.265004484915337
160.709	0.269168282288772
160.749	0.263963433807451
160.789	0.266045739552276
160.829	0.275415199523244
160.869	0.266045739552276
160.909	0.275415199523244
160.949	0.266565756283586
160.989	0.273853114038783
161.029	0.276456454160183
161.069	0.281661506170557
161.109	0.266565756283586
161.149	0.271250588033595
161.189	0.267607010920523
161.229	0.249908938557417
161.269	0.273853114038783
161.309	0.279579200425733
161.349	0.274894368675722
161.389	0.289469694773279
161.43	0.26448345053876
161.47	0.270209536925711
161.51	0.281141285910195
161.55	0.276456454160183
161.59	0.292592441038829
161.63	0.292072220778466
161.67	0.281141285910195
161.71	0.261360907802265
161.75	0.268648265557462
161.79	0.277496894680908
161.83	0.263963433807451
161.87	0.273332893778421
161.91	0.29155118640189
161.951	0.280620251533618
161.991	0.270209536925711
162.031	0.284264032175745
162.071	0.262922179170512
162.111	0.278537945788794
162.151	0.268648265557462
162.191	0.272812062930898
162.231	0.272812062930898
162.271	0.267086790660161
162.311	0.257717127160138
162.351	0.25355251567049
162.391	0.269168282288772
162.431	0.275935419783607
162.472	0.273332893778421
162.512	0.274894368675722
162.552	0.272812062930898
162.593	0.266045739552276
162.633	0.276976674420546
162.673	0.260319653165326
162.713	0.278537945788794
162.753	0.27437414841536
162.793	0.276456454160183
162.834	0.263442399430876
162.875	0.281661506170557
162.915	0.277496894680908
162.955	0.277496894680908
162.995	0.27437414841536
163.035	0.272291842670535
163.075	0.280100031273256
163.115	0.273332893778421
163.156	0.278537945788794
163.196	0.259278602057439
163.237	0.269689316665348
163.278	0.270209536925711
163.319	0.276456454160183
163.359	0.271771622410172
163.4	0.273853114038783
163.44	0.256676076052253
163.48	0.268127231180887
163.521	0.270730571302287
163.562	0.275415199523244
163.603	0.260839873425688
163.644	0.258757567680864
163.684	0.27437414841536
163.724	0.255113990567792
163.764	0.257717127160138
163.804	0.257196296312616
163.844	0.260319653165326
163.884	0.263442399430876
163.925	0.255113990567792
163.966	0.251470209925665
164.006	0.2582373474205
164.046	0.267086790660161
164.087	0.254593770307428
164.127	0.263442399430876
164.167	0.255634821415314
164.207	0.270209536925711
164.247	0.273332893778421
164.287	0.275935419783607
164.327	0.265524705175699
164.367	0.260319653165326
164.408	0.259278602057439
164.449	0.266565756283586
164.489	0.2582373474205
164.529	0.267607010920523
164.569	0.256155041675677
164.609	0.255634821415314
164.649	0.246785378175654
164.689	0.249387904180841
164.729	0.258757567680864
164.77	0.260839873425688
164.81	0.251991244302242
164.85	0.270209536925711
164.89	0.251991244302242
164.93	0.255113990567792
164.971	0.254593770307428
165.011	0.232731086454674
165.051	0.238977189572932
165.091	0.243662021322944
165.131	0.256676076052253
165.171	0.269168282288772
165.211	0.256155041675677
165.251	0.25355251567049
165.291	0.245744327067769
165.331	0.241580529694333
165.371	0.246265361444344
165.411	0.252511464562604
165.452	0.257196296312616
165.493	0.272812062930898
165.533	0.246265361444344
165.573	0.245224106807407
165.613	0.245224106807407
165.653	0.239498223949509
165.694	0.255113990567792
165.734	0.261881128062627
165.774	0.245224106807407
165.814	0.259278602057439
165.854	0.247826632812593
165.894	0.245744327067769
165.934	0.25042915881778
165.975	0.266045739552276
166.015	0.261360907802265
166.055	0.263442399430876
166.095	0.262922179170512
166.135	0.24730641255223
166.175	0.252511464562604
166.215	0.256676076052253
166.255	0.249908938557417
166.295	0.255634821415314
166.335	0.254072735930853
166.375	0.267086790660161
166.415	0.272291842670535
166.455	0.258757567680864
166.495	0.236895697944323
166.535	0.261360907802265
166.575	0.243141801062581
166.615	0.248867683920479
166.656	0.242621580802219
166.696	0.241059495317758
166.736	0.251991244302242
166.776	0.254593770307428
166.816	0.233251917302196
166.856	0.249387904180841
166.897	0.260839873425688
166.937	0.263442399430876
166.977	0.26448345053876
167.019	0.257717127160138
167.059	0.253031684822967
167.099	0.25355251567049
167.139	0.245744327067769
167.179	0.240539275057395
167.219	0.249387904180841
167.259	0.266045739552276
167.299	0.259798822317803
167.339	0.254593770307428
167.379	0.25355251567049
167.419	0.23533361245986
167.459	0.251991244302242
167.5	0.256676076052253
167.54	0.249908938557417
167.581	0.246265361444344
167.621	0.242621580802219
167.662	0.246265361444344
167.703	0.265004484915337
167.744	0.240539275057395
167.785	0.238977189572932
167.826	0.254593770307428
167.867	0.266565756283586
167.908	0.257196296312616
167.948	0.24730641255223
167.989	0.236895697944323
168.029	0.232210866194312
168.069	0.235854443307384
168.109	0.247826632812593
168.149	0.255634821415314
168.189	0.252511464562604
168.229	0.232210866194312
168.27	0.246785378175654
168.31	0.246265361444344
168.35	0.237936749052208
168.39	0.254072735930853
168.431	0.246785378175654
168.471	0.254593770307428
168.511	0.228046254704663
168.551	0.240539275057395
168.592	0.23845696931257
168.632	0.23533361245986
168.673	0.25042915881778
168.713	0.25355251567049
168.754	0.23845696931257
168.794	0.23533361245986
168.834	0.231689831817735
168.874	0.238977189572932
168.914	0.237936749052208
168.954	0.235854443307384
168.994	0.254593770307428
169.035	0.249908938557417
169.075	0.260839873425688
169.117	0.252511464562604
169.157	0.233772137562559
169.197	0.247826632812593
169.237	0.251470209925665
169.277	0.246785378175654
169.317	0.248867683920479
169.357	0.233772137562559
169.397	0.233772137562559
169.438	0.255113990567792
169.478	0.24470307243083
169.518	0.263442399430876
169.558	0.254593770307428
169.598	0.270730571302287
169.638	0.250949989665303
169.678	0.250949989665303
169.719	0.246785378175654
169.759	0.250949989665303
169.799	0.246265361444344
169.84	0.243662021322944
169.88	0.249908938557417
169.921	0.244183055699521
169.961	0.261360907802265
170.001	0.250949989665303
170.041	0.241059495317758
170.081	0.256155041675677
170.121	0.231689831817735
170.161	0.256155041675677
170.201	0.24730641255223
170.241	0.237415918204685
170.281	0.23533361245986
170.322	0.237936749052208
170.363	0.239498223949509
170.404	0.235854443307384
170.444	0.243141801062581
170.484	0.243141801062581
170.524	0.241580529694333
170.565	0.242100749954697
170.606	0.240018444209872
170.646	0.231169611557373
170.686	0.230128560449486
170.726	0.245224106807407
170.766	0.243662021322944
170.806	0.255113990567792
170.847	0.241059495317758
170.888	0.244183055699521
170.929	0.237415918204685
170.97	0.238977189572932
171.01	0.250949989665303
171.05	0.243662021322944
171.09	0.245744327067769
171.13	0.255634821415314
171.17	0.241580529694333
171.21	0.227005000067724
171.25	0.229087305812547
171.29	0.245744327067769
171.331	0.231169611557373
171.371	0.243141801062581
171.411	0.252511464562604
171.451	0.234292357822923
171.491	0.227005000067724
171.531	0.243662021322944
171.572	0.221279117209827
171.612	0.226484983336414
171.652	0.247826632812593
171.692	0.259798822317803
171.732	0.236374663567746
171.773	0.231689831817735
171.813	0.230648780709849
171.854	0.220758896949464
171.894	0.228046254704663
171.934	0.238977189572932
171.974	0.241580529694333
172.014	0.251991244302242
172.055	0.231689831817735
172.096	0.222841202694289
172.136	0.2275260344443
172.177	0.217115319836391
172.217	0.24730641255223
172.258	0.240018444209872
172.298	0.23533361245986
172.338	0.245744327067769
172.378	0.221800151586403
172.418	0.221279117209827
172.459	0.219197625581216
172.499	0.236374663567746
172.539	0.240018444209872
172.58	0.238977189572932
172.621	0.25355251567049
172.661	0.259278602057439
172.701	0.228046254704663
172.741	0.242100749954697
172.782	0.245224106807407
172.822	0.2275260344443
172.863	0.249387904180841
172.903	0.244183055699521
172.944	0.237415918204685
172.985	0.260839873425688
173.025	0.251470209925665
173.066	0.241059495317758
173.106	0.263442399430876
173.147	0.251991244302242
173.188	0.251470209925665
173.228	0.246785378175654
173.268	0.250949989665303
173.308	0.240018444209872
173.348	0.232731086454674
173.388	0.233772137562559
173.428	0.242100749954697
173.468	0.252511464562604
173.508	0.234813392199498
173.548	0.223361422954651
173.589	0.221800151586403
173.629	0.220758896949464
173.669	0.228567289081238
173.709	0.221800151586403
173.749	0.239498223949509
173.789	0.219717845841579
173.829	0.214512793831205
173.869	0.219717845841579
173.909	0.198375992836346
173.949	0.207745656336368
173.989	0.211389233449441
174.029	0.233772137562559
174.069	0.226484983336414
174.109	0.2275260344443
174.149	0.2275260344443
174.189	0.229087305812547
174.229	0.227005000067724
174.27	0.2249226943229
174.311	0.220237862572888
174.351	0.226484983336414
174.391	0.222320371846765
174.431	0.209306927704617
174.471	0.219197625581216
174.512	0.2275260344443
174.552	0.220758896949464
174.593	0.241059495317758
174.634	0.236895697944323
174.675	0.233251917302196
174.716	0.243662021322944
174.757	0.221800151586403
174.799	0.217115319836391
174.839	0.230128560449486
174.879	0.243141801062581
174.919	0.2275260344443
174.959	0.235854443307384
174.999	0.248867683920479
175.039	0.244183055699521
175.081	0.229087305812547
175.121	0.257196296312616
175.161	0.23845696931257
175.201	0.232210866194312
175.241	0.230648780709849
175.281	0.225443728699475
175.321	0.2275260344443
175.361	0.2275260344443
175.402	0.232210866194312
175.444	0.229087305812547
175.485	0.230648780709849
175.525	0.234292357822923
175.565	0.230128560449486
175.606	0.216074065199452
175.647	0.219717845841579
175.688	0.209827962081194
175.728	0.236374663567746
175.768	0.24730641255223
175.809	0.226484983336414
175.85	0.238977189572932
175.89	0.216074065199452
175.93	0.219197625581216
175.97	0.234813392199498
176.011	0.23845696931257
176.051	0.214512793831205
176.091	0.232210866194312
176.131	0.211389233449441
176.172	0.215033014091567
176.213	0.202019773478472
176.254	0.19577346683116
176.294	0.205663350591545
176.334	0.208786910973308
176.375	0.21243048808638
176.417	0.207224621959793
176.457	0.213471539194266
176.497	0.197855161988823
176.537	0.192129075601873
176.578	0.21555323435193
176.618	0.192129075601873
176.659	0.21555323435193
176.699	0.214512793831205
176.739	0.214512793831205
176.779	0.213471539194266
176.82	0.196293687091522
176.861	0.211389233449441
176.901	0.203581044846721
176.942	0.208786910973308
176.982	0.21555323435193
177.022	0.212950708346744
177.062	0.211389233449441
177.102	0.217115319836391
177.142	0.211909453709805
177.182	0.202019773478472
177.222	0.220237862572888
177.262	0.219197625581216
177.302	0.218156370944277
177.342	0.216594285459816
177.382	0.207745656336368
177.422	0.213991759454628
177.463	0.21867659120464
177.504	0.225443728699475
177.545	0.222841202694289
177.585	0.236895697944323
177.625	0.221800151586403
177.665	0.213991759454628
177.705	0.2249226943229
177.746	0.223882457331228
177.787	0.214512793831205
177.827	0.233251917302196
177.867	0.240539275057395
177.907	0.233251917302196
177.948	0.239498223949509
177.988	0.216594285459816
178.028	0.203581044846721
178.068	0.209827962081194
178.108	0.209306927704617
178.148	0.230128560449486
178.188	0.223361422954651
178.228	0.216594285459816
178.268	0.21867659120464
178.308	0.219197625581216
178.348	0.193170330238812
178.389	0.22440267759159
178.43	0.190047583973262
178.471	0.234813392199498
178.512	0.209306927704617
178.552	0.209306927704617
178.592	0.215033014091567
178.632	0.210348182341556
178.672	0.203060824586357
178.713	0.221279117209827
178.754	0.209827962081194
178.794	0.203581044846721
178.834	0.21867659120464
178.874	0.182239395370542
178.915	0.18640400686019
178.956	0.193170330238812
178.997	0.19577346683116
179.037	0.199937467733649
179.077	0.182759412101852
179.117	0.190567804233626
179.158	0.202539790209782
179.198	0.198375992836346
179.238	0.184321701115366
179.278	0.187444243851862
179.319	0.197334941728461
179.359	0.197855161988823
179.399	0.206183570851907
179.439	0.206183570851907
179.479	0.208265876596732
179.519	0.211909453709805
179.559	0.211909453709805
179.599	0.215033014091567
179.64	0.198375992836346
179.681	0.231169611557373
179.722	0.213471539194266
179.762	0.205663350591545
179.803	0.219717845841579
179.843	0.234292357822923
179.883	0.210868402601918
179.924	0.218156370944277
179.964	0.213991759454628
180.005	0.229087305812547
180.045	0.23533361245986
180.085	0.229607526072911
180.125	0.206704605228484
180.165	0.227005000067724
180.206	0.217635540096754
180.247	0.221279117209827
180.287	0.222320371846765
180.327	0.208786910973308
180.367	0.221800151586403
180.407	0.229607526072911
180.447	0.210348182341556
180.487	0.221800151586403
180.527	0.216594285459816
180.567	0.210868402601918
180.607	0.220758896949464
180.647	0.208265876596732
180.688	0.229607526072911
180.728	0.219717845841579
180.768	0.208786910973308
180.808	0.222841202694289
180.849	0.216594285459816
180.889	0.209827962081194
180.93	0.199937467733649
180.97	0.21243048808638
181.01	0.21867659120464
181.05	0.221279117209827
181.09	0.220758896949464
181.13	0.214512793831205
181.171	0.213471539194266
181.211	0.222320371846765
181.252	0.216074065199452
181.292	0.201498739101896
181.333	0.206704605228484
181.373	0.211909453709805
181.413	0.207224621959793
181.453	0.210868402601918
181.493	0.205663350591545
181.533	0.216594285459816
181.574	0.194732415723273
181.614	0.215033014091567
181.654	0.19577346683116
181.694	0.205143130331182
181.734	0.183280446478427
181.775	0.216594285459816
181.815	0.197855161988823
181.856	0.199937467733649
181.897	0.200458298581171
181.938	0.203581044846721
181.978	0.200458298581171
182.018	0.19265010997845
182.058	0.206183570851907
182.098	0.199417247473285
182.138	0.200458298581171
182.178	0.202019773478472
182.218	0.202019773478472
182.258	0.196293687091522
182.298	0.187965278228438
182.338	0.210348182341556
182.378	0.204102079223296
182.419	0.188485498488801
182.459	0.213991759454628
182.499	0.193170330238812
182.539	0.211909453709805
182.579	0.209306927704617
182.621	0.197334941728461
182.661	0.208265876596732
182.701	0.202539790209782
182.741	0.217635540096754
182.781	0.205663350591545
182.821	0.206183570851907
182.861	0.206704605228484
182.901	0.198375992836346
182.941	0.200978518841533
182.982	0.191088838610201
183.023	0.191608855341511
183.064	0.191608855341511
183.104	0.197855161988823
183.144	0.194211381346698
183.185	0.198375992836346
183.225	0.197855161988823
183.265	0.193691161086336
183.305	0.188485498488801
183.345	0.189526549596687
183.386	0.186924023591499
183.427	0.19577346683116
183.467	0.19265010997845
183.507	0.202019773478472
183.547	0.18640400686019
183.587	0.179636869365354
183.627	0.188485498488801
183.667	0.188485498488801
183.707	0.203060824586357
183.747	0.18640400686019
183.787	0.200978518841533
183.828	0.199937467733649
183.868	0.212950708346744
183.908	0.19265010997845
183.948	0.195252635983637
183.988	0.209306927704617
184.028	0.185882972483614
184.068	0.197855161988823
184.108	0.201498739101896
184.148	0.183800666738789
184.188	0.190047583973262
184.228	0.200458298581171
184.268	0.187965278228438
184.308	0.195252635983637
184.348	0.208265876596732
184.388	0.211909453709805
184.428	0.189526549596687
184.468	0.206183570851907
184.508	0.190047583973262
184.548	0.186924023591499
184.588	0.207224621959793
184.628	0.205143130331182
184.668	0.197334941728461
184.708	0.223882457331228
184.748	0.197334941728461
184.788	0.197855161988823
184.828	0.185362752223252
184.869	0.206704605228484
184.909	0.220237862572888
184.949	0.202019773478472
184.989	0.200458298581171
185.029	0.186924023591499
185.069	0.204102079223296
185.109	0.194732415723273
185.149	0.188485498488801
185.19	0.205143130331182
185.23	0.193170330238812
185.271	0.197334941728461
185.311	0.200978518841533
185.351	0.213991759454628
185.391	0.188485498488801
185.431	0.191088838610201
185.471	0.192129075601873
185.511	0.194732415723273
185.551	0.208786910973308
185.591	0.202019773478472
185.632	0.198375992836346
185.673	0.195252635983637
185.713	0.200978518841533
185.753	0.191088838610201
185.793	0.192129075601873
185.833	0.210868402601918
185.873	0.210868402601918
185.913	0.210348182341556
185.953	0.203581044846721
185.994	0.205663350591545
186.035	0.19265010997845
186.075	0.210348182341556
186.115	0.197855161988823
186.156	0.19265010997845
186.197	0.202019773478472
186.237	0.206183570851907
186.277	0.202539790209782
186.317	0.181719175110178
186.358	0.190047583973262
186.398	0.184841717846675
186.438	0.205143130331182
186.478	0.201498739101896
186.518	0.191088838610201
186.558	0.181719175110178
186.599	0.189006329336324
186.639	0.191088838610201
186.679	0.196293687091522
186.719	0.189006329336324
186.759	0.201498739101896
186.799	0.198375992836346
186.839	0.198375992836346
186.879	0.201498739101896
186.919	0.209827962081194
186.959	0.185362752223252
186.999	0.198375992836346
187.039	0.207745656336368
187.079	0.193691161086336
187.12	0.199417247473285
187.16	0.183280446478427
187.201	0.174952037615343
187.241	0.174952037615343
187.281	0.197334941728461
187.321	0.19265010997845
187.361	0.196813907351884
187.401	0.196813907351884
187.441	0.189526549596687
187.481	0.183280446478427
187.521	0.183280446478427
187.561	0.170787426125694
187.601	0.182759412101852
187.641	0.184841717846675
187.681	0.189526549596687
187.721	0.187965278228438
187.761	0.182239395370542
187.802	0.182239395370542
187.843	0.183800666738789
187.884	0.179115834988778
187.924	0.175993088723229
187.964	0.210348182341556
188.004	0.183280446478427
188.044	0.186924023591499
188.084	0.17182847723358
188.124	0.179636869365354
188.165	0.193170330238812
188.205	0.19577346683116
188.245	0.192129075601873
188.285	0.202019773478472
188.326	0.182239395370542
188.366	0.201498739101896
188.406	0.180677920473241
188.447	0.184841717846675
188.488	0.19577346683116
188.528	0.181198140733603
188.569	0.200458298581171
188.609	0.202019773478472
188.649	0.193170330238812
188.689	0.189006329336324
188.729	0.196293687091522
188.769	0.178595614728415
188.809	0.19265010997845
188.849	0.194211381346698
188.889	0.206183570851907
188.929	0.182759412101852
188.97	0.182759412101852
189.011	0.180157089625717
189.051	0.180677920473241
189.091	0.203581044846721
189.132	0.190047583973262
189.173	0.204622095954606
189.214	0.198375992836346
189.254	0.183800666738789
189.295	0.188485498488801
189.335	0.197334941728461
189.379	0.199937467733649
189.419	0.204622095954606
189.459	0.188485498488801
189.5	0.201498739101896
189.541	0.18640400686019
189.582	0.188485498488801
189.622	0.198375992836346
189.663	0.205663350591545
189.703	0.203581044846721
189.744	0.204622095954606
189.785	0.197334941728461
189.825	0.193170330238812
189.865	0.179636869365354
189.906	0.180677920473241
189.947	0.199417247473285
189.987	0.200458298581171
190.027	0.194211381346698
190.067	0.194732415723273
190.107	0.194732415723273
190.147	0.197855161988823
190.187	0.207224621959793
190.227	0.181719175110178
190.267	0.177034343360167
190.307	0.181719175110178
190.348	0.196293687091522
190.388	0.201498739101896
190.428	0.189526549596687
190.468	0.183800666738789
190.508	0.202019773478472
190.548	0.180157089625717
190.588	0.184321701115366
190.629	0.193170330238812
190.67	0.190567804233626
190.71	0.191608855341511
190.751	0.189006329336324
190.791	0.18640400686019
190.831	0.187965278228438
190.871	0.193170330238812
190.911	0.197855161988823
190.951	0.187444243851862
190.991	0.192129075601873
191.031	0.180677920473241
191.071	0.169225951228393
191.112	0.185882972483614
191.152	0.173389952130882
191.192	0.183800666738789
191.232	0.182759412101852
191.273	0.183800666738789
191.313	0.183800666738789
191.354	0.187444243851862
191.395	0.193170330238812
191.435	0.176513308983592
191.475	0.182239395370542
191.515	0.189006329336324
191.556	0.202019773478472
191.597	0.179636869365354
191.637	0.173389952130882
191.677	0.189006329336324
191.717	0.165061339738745
191.757	0.187444243851862
191.798	0.197334941728461
191.839	0.203060824586357
191.879	0.177034343360167
191.92	0.178074783880893
191.96	0.171308256973218
192.0	0.173389952130882
192.04	0.187965278228438
192.08	0.180677920473241
192.12	0.190567804233626
192.161	0.183800666738789
192.201	0.179636869365354
192.241	0.179636869365354
192.281	0.187444243851862
192.321	0.180157089625717
192.362	0.187444243851862
192.402	0.187444243851862
192.442	0.180157089625717
192.482	0.189526549596687
192.522	0.189526549596687
192.563	0.189006329336324
192.603	0.189006329336324
192.643	0.194732415723273
192.683	0.174952037615343
192.723	0.194211381346698
192.763	0.194732415723273
192.803	0.178595614728415
192.844	0.177034343360167
192.884	0.173910782978404
192.924	0.171308256973218
192.965	0.182759412101852
193.005	0.19889621309671
193.045	0.193170330238812
193.086	0.168184900120508
193.126	0.192129075601873
193.166	0.177034343360167
193.206	0.170787426125694
193.246	0.172869731870519
193.287	0.199937467733649
193.328	0.18640400686019
193.368	0.177554563620531
193.408	0.179115834988778
193.448	0.179115834988778
193.488	0.182239395370542
193.528	0.185882972483614
193.568	0.200458298581171
193.608	0.193170330238812
193.648	0.199937467733649
193.688	0.178074783880893
193.728	0.16245901726261
193.768	0.203060824586357
193.808	0.182239395370542
193.848	0.181198140733603
193.888	0.172869731870519
193.928	0.178074783880893
193.968	0.185362752223252
194.008	0.169746171488757
194.048	0.162979848110134
194.088	0.180157089625717
194.128	0.171308256973218
194.168	0.187444243851862
194.208	0.187965278228438
194.249	0.176513308983592
194.289	0.203581044846721
194.329	0.173910782978404
194.369	0.172349511610157
194.409	0.182239395370542
194.45	0.170267205865332
194.49	0.173389952130882
194.53	0.192129075601873
194.571	0.182239395370542
194.612	0.182239395370542
194.652	0.161417762625673
194.692	0.173389952130882
194.732	0.186924023591499
194.772	0.199937467733649
194.812	0.182759412101852
194.853	0.176513308983592
194.893	0.191088838610201
194.933	0.180677920473241
194.973	0.180677920473241
195.014	0.19577346683116
195.054	0.184841717846675
195.094	0.175472257875705
195.134	0.193691161086336
195.175	0.185882972483614
195.215	0.189006329336324
195.255	0.178074783880893
195.295	0.178074783880893
195.335	0.189006329336324
195.376	0.189526549596687
195.416	0.190047583973262
195.456	0.186924023591499
195.496	0.173389952130882
195.537	0.179636869365354
195.577	0.173389952130882
195.617	0.178074783880893
195.657	0.159856491257424
195.697	0.186924023591499
195.737	0.190567804233626
195.777	0.174952037615343
195.817	0.172349511610157
195.858	0.177034343360167
195.899	0.190047583973262
195.939	0.178595614728415
195.98	0.205663350591545
196.021	0.19577346683116
196.061	0.196293687091522
196.101	0.178595614728415
196.141	0.164541323007436
196.182	0.182239395370542
196.223	0.16245901726261
196.263	0.163500068370497
196.303	0.160376711517787
196.343	0.171308256973218
196.383	0.170787426125694
196.423	0.178074783880893
196.463	0.188485498488801
196.503	0.180677920473241
196.543	0.174952037615343
196.583	0.182239395370542
196.623	0.174431003238766
196.665	0.171308256973218
196.706	0.178595614728415
196.746	0.164020288630859
196.786	0.183800666738789
196.826	0.185882972483614
196.866	0.171308256973218
196.906	0.171308256973218
196.946	0.18640400686019
196.986	0.17182847723358
197.026	0.177034343360167
197.066	0.16558237411532
197.106	0.175472257875705
197.146	0.170787426125694
197.186	0.173910782978404
197.226	0.174952037615343
197.266	0.167143645483569
197.306	0.185882972483614
197.346	0.162979848110134
197.386	0.163500068370497
197.426	0.17182847723358
197.466	0.156212710615298
197.506	0.177034343360167
197.546	0.182759412101852
197.587	0.171308256973218
197.627	0.185362752223252
197.667	0.178074783880893
197.707	0.164541323007436
197.748	0.181198140733603
197.789	0.175993088723229
197.829	0.154650625130836
197.869	0.192129075601873
197.91	0.164020288630859
197.95	0.169225951228393
197.991	0.176513308983592
198.031	0.16558237411532
198.071	0.172869731870519
198.111	0.165061339738745
198.151	0.173910782978404
198.192	0.181198140733603
198.232	0.163500068370497
198.273	0.156212710615298
198.314	0.162979848110134
198.354	0.162979848110134
198.395	0.173910782978404
198.435	0.180677920473241
198.476	0.16245901726261
198.516	0.156732930875661
198.556	0.144760944899504
198.596	0.16870512038087
198.636	0.159335456880848
198.677	0.162979848110134
198.717	0.164541323007436
198.757	0.165061339738745
198.797	0.16558237411532
198.838	0.160897542365309
198.878	0.142678435625627
198.918	0.163500068370497
198.958	0.164541323007436
198.998	0.147363267375639
199.038	0.16558237411532
199.078	0.157774185512599
199.118	0.164020288630859
199.158	0.155171659507413
199.199	0.170787426125694
199.239	0.182239395370542
199.279	0.162979848110134
199.319	0.184321701115366
199.359	0.16870512038087
199.399	0.16870512038087
199.439	0.167143645483569
199.479	0.17182847723358
199.519	0.159335456880848
199.559	0.17182847723358
199.599	0.174431003238766
199.639	0.166102594375683
199.679	0.166102594375683
199.719	0.167664679860146
199.759	0.152569133502225
199.799	0.175472257875705
199.839	0.162979848110134
199.879	0.172349511610157
199.919	0.164020288630859
199.959	0.172869731870519
199.999	0.159856491257424
200.039	0.183800666738789
200.079	0.186924023591499
200.119	0.173389952130882
200.159	0.183280446478427
200.199	0.18640400686019
200.239	0.189006329336324
200.279	0.182759412101852
200.319	0.16558237411532
200.359	0.175472257875705
200.399	0.178074783880893
200.439	0.19577346683116
200.479	0.177034343360167
200.519	0.183280446478427
200.559	0.180157089625717
200.599	0.16870512038087
200.639	0.174952037615343
200.679	0.190047583973262
200.72	0.170267205865332
200.761	0.192129075601873
200.801	0.191088838610201
200.841	0.180157089625717
200.881	0.169225951228393
200.921	0.177034343360167
200.961	0.163500068370497
201.001	0.190567804233626
201.042	0.169225951228393
201.083	0.15204809912565
201.124	0.179115834988778
201.164	0.170787426125694
201.204	0.174431003238766
201.245	0.177554563620531
201.285	0.169746171488757
201.325	0.169746171488757
201.365	0.181719175110178
201.405	0.166623628752259
201.446	0.16245901726261
201.487	0.154130404870474
201.527	0.174952037615343
201.567	0.170787426125694
201.607	0.173910782978404
201.649	0.182759412101852
201.689	0.146322216267752
201.73	0.165061339738745
201.771	0.161417762625673
201.811	0.157774185512599
201.851	0.16558237411532
201.892	0.178074783880893
201.932	0.160897542365309
201.973	0.174431003238766
202.013	0.164020288630859
202.053	0.143719690262566
202.093	0.143199470002202
202.133	0.150486827757401
202.174	0.146322216267752
202.214	0.159856491257424
202.254	0.144239910522929
202.294	0.144239910522929
202.334	0.145280961630813
202.374	0.144760944899504
202.414	0.152569133502225
202.454	0.169225951228393
202.495	0.169746171488757
202.535	0.153089353762589
202.575	0.132267721017718
202.615	0.14580199600739
202.656	0.142158418894318
202.696	0.152569133502225
202.736	0.150486827757401
202.776	0.146843250644329
202.816	0.143199470002202
202.857	0.15204809912565
202.897	0.144760944899504
202.937	0.149965793380825
202.977	0.149965793380825
203.017	0.154130404870474
203.057	0.162979848110134
203.097	0.139034858512555
203.137	0.174952037615343
203.177	0.151527878865286
203.217	0.153609574022951
203.257	0.149445573120462
203.297	0.14580199600739
203.337	0.164020288630859
203.377	0.151527878865286
203.417	0.159856491257424
203.457	0.157253965252237
203.497	0.13695255276773
203.537	0.154130404870474
203.577	0.155171659507413
203.618	0.161417762625673
203.658	0.16558237411532
203.699	0.167143645483569
203.739	0.156212710615298
203.779	0.153609574022951
203.819	0.135391281399483
203.859	0.147884301752214
203.899	0.167664679860146
203.939	0.149445573120462
203.979	0.149965793380825
204.019	0.156212710615298
204.059	0.15204809912565
204.099	0.138514638252191
204.139	0.164541323007436
204.179	0.151527878865286
204.219	0.160897542365309
204.259	0.156732930875661
204.299	0.156212710615298
204.339	0.167664679860146
204.379	0.157253965252237
204.419	0.146843250644329
204.459	0.134350026762544
204.499	0.143719690262566
204.539	0.159856491257424
204.58	0.147884301752214
204.62	0.154130404870474
204.66	0.164020288630859
204.7	0.16245901726261
204.74	0.149965793380825
204.78	0.166102594375683
204.82	0.169746171488757
204.86	0.175993088723229
204.901	0.151527878865286
204.941	0.153089353762589
204.981	0.14892474227294
205.021	0.14892474227294
205.062	0.14580199600739
205.103	0.154650625130836
205.143	0.150486827757401
205.183	0.150486827757401
205.223	0.137993807404669
205.264	0.160897542365309
205.304	0.154650625130836
205.344	0.167143645483569
205.384	0.155171659507413
205.425	0.149965793380825
205.466	0.161938797002248
205.506	0.160897542365309
205.547	0.148404522012578
205.587	0.154650625130836
205.627	0.151007048017764
205.667	0.130706449649471
205.708	0.156732930875661
205.748	0.146843250644329
205.789	0.144239910522929
205.829	0.145280961630813
205.869	0.137993807404669
205.91	0.157253965252237
205.95	0.149965793380825
205.99	0.159335456880848
206.03	0.159335456880848
206.07	0.144239910522929
206.11	0.148404522012578
206.151	0.137473587144306
206.192	0.154650625130836
206.232	0.157774185512599
206.273	0.146322216267752
206.313	0.166623628752259
206.353	0.171308256973218
206.393	0.161938797002248
206.434	0.158815236620485
206.474	0.135911501659845
206.515	0.146843250644329
206.556	0.158295016360123
206.597	0.143719690262566
206.637	0.153609574022951
206.677	0.142678435625627
206.718	0.160376711517787
206.758	0.140076113149494
206.798	0.133308975654657
206.838	0.155171659507413
206.878	0.154650625130836
206.918	0.153089353762589
206.958	0.167143645483569
206.998	0.155691879767775
207.039	0.156212710615298
207.08	0.169225951228393
207.12	0.139555078772917
207.16	0.163500068370497
207.2	0.154130404870474
207.24	0.14892474227294
207.28	0.155171659507413
207.32	0.144239910522929
207.36	0.151527878865286
207.401	0.165061339738745
207.441	0.158815236620485
207.482	0.151527878865286
207.522	0.156212710615298
207.562	0.158815236620485
207.602	0.143719690262566
207.642	0.158295016360123
207.682	0.151007048017764
207.722	0.164541323007436
207.763	0.154130404870474
207.803	0.144239910522929
207.843	0.158295016360123
207.883	0.164020288630859
207.924	0.149965793380825
207.964	0.153609574022951
208.005	0.153609574022951
208.045	0.150486827757401
208.086	0.151527878865286
208.126	0.156212710615298
208.166	0.151007048017764
208.207	0.14580199600739
208.247	0.132788755394295
208.287	0.132788755394295
208.327	0.141117164257379
208.368	0.142158418894318
208.408	0.155171659507413
208.448	0.159856491257424
208.488	0.146843250644329
208.528	0.14580199600739
208.568	0.146843250644329
208.608	0.154130404870474
208.648	0.147363267375639
208.688	0.144760944899504
208.728	0.150486827757401
208.769	0.142678435625627
208.809	0.14580199600739
208.849	0.157774185512599
208.889	0.147884301752214
208.93	0.154650625130836
208.971	0.157774185512599
209.011	0.154130404870474
209.051	0.132788755394295
209.091	0.140596129880802
209.131	0.153609574022951
209.171	0.14892474227294
209.211	0.158295016360123
209.251	0.156732930875661
209.291	0.167143645483569
209.331	0.163500068370497
209.371	0.159856491257424
209.412	0.16558237411532
209.452	0.155691879767775
209.492	0.183280446478427
209.532	0.14892474227294
209.573	0.16870512038087
209.614	0.147363267375639
209.655	0.143199470002202
209.695	0.15204809912565
209.736	0.141637384517741
209.777	0.146322216267752
209.817	0.152569133502225
209.857	0.160897542365309
209.897	0.128103923644284
209.937	0.149965793380825
209.977	0.14580199600739
210.018	0.140596129880802
210.058	0.147363267375639
210.099	0.150486827757401
210.139	0.174431003238766
210.179	0.154650625130836
210.22	0.150486827757401
210.26	0.163500068370497
210.3	0.140076113149494
210.34	0.130706449649471
210.38	0.140076113149494
210.42	0.156212710615298
210.461	0.14892474227294
210.501	0.144760944899504
210.541	0.154650625130836
210.581	0.148404522012578
210.621	0.146322216267752
210.661	0.146322216267752
210.701	0.168184900120508
210.741	0.154650625130836
210.782	0.147363267375639
210.822	0.157253965252237
210.863	0.14580199600739
210.903	0.141117164257379
210.943	0.13695255276773
210.983	0.151007048017764
211.023	0.151527878865286
211.067	0.144239910522929
211.107	0.151007048017764
211.147	0.163500068370497
211.188	0.157253965252237
211.228	0.137993807404669
211.268	0.154130404870474
211.308	0.154130404870474
211.348	0.172869731870519
211.388	0.153609574022951
211.428	0.154130404870474
211.468	0.144239910522929
211.508	0.143719690262566
211.548	0.142678435625627
211.588	0.147884301752214
211.628	0.151007048017764
211.669	0.169225951228393
211.709	0.141637384517741
211.749	0.162979848110134
211.789	0.145280961630813
211.83	0.156212710615298
211.871	0.154130404870474
211.911	0.164020288630859
211.951	0.157774185512599
211.992	0.185882972483614
212.032	0.160897542365309
212.073	0.155171659507413
212.113	0.153609574022951
212.154	0.149965793380825
212.194	0.154650625130836
212.234	0.14892474227294
212.274	0.16558237411532
212.315	0.147363267375639
212.355	0.144760944899504
212.395	0.15204809912565
212.435	0.158815236620485
212.475	0.144760944899504
212.516	0.157774185512599
212.556	0.17182847723358
212.596	0.168184900120508
212.636	0.157253965252237
212.676	0.154650625130836
212.716	0.134870247022906
212.756	0.139555078772917
212.797	0.159335456880848
212.838	0.158815236620485
212.878	0.161938797002248
212.918	0.155691879767775
212.958	0.144239910522929
212.998	0.139555078772917
213.039	0.131747500757356
213.079	0.159335456880848
213.12	0.144239910522929
213.16	0.14892474227294
213.201	0.151007048017764
213.241	0.14892474227294
213.281	0.133829806502181
213.322	0.133829806502181
213.362	0.138514638252191
213.403	0.16558237411532
213.443	0.132788755394295
213.484	0.17182847723358
213.524	0.152569133502225
213.564	0.141637384517741
213.604	0.146843250644329
213.644	0.140596129880802
213.684	0.168184900120508
213.724	0.155691879767775
213.765	0.144239910522929
213.805	0.131747500757356
213.845	0.138514638252191
213.885	0.110405851281177
213.925	0.155171659507413
213.965	0.134350026762544
214.006	0.144239910522929
214.046	0.130706449649471
214.087	0.130706449649471
214.127	0.141637384517741
214.167	0.146322216267752
214.207	0.136432332507367
214.247	0.156732930875661
214.287	0.156732930875661
214.327	0.151527878865286
214.368	0.139555078772917
214.409	0.149445573120462
214.449	0.146843250644329
214.489	0.14892474227294
214.529	0.137473587144306
214.569	0.141637384517741
214.609	0.135911501659845
214.649	0.146322216267752
214.69	0.142678435625627
214.731	0.141117164257379
214.771	0.155691879767775
214.812	0.144760944899504
214.852	0.144760944899504
214.892	0.142678435625627
214.932	0.133829806502181
214.973	0.146322216267752
215.013	0.148404522012578
215.053	0.137473587144306
215.093	0.149445573120462
215.133	0.140076113149494
215.173	0.147363267375639
215.213	0.136432332507367
215.255	0.146322216267752
215.295	0.132788755394295
215.336	0.131226669909834
215.376	0.131747500757356
215.416	0.131747500757356
215.456	0.143719690262566
215.496	0.130185415272895
215.537	0.136432332507367
215.577	0.129665195012532
215.618	0.138514638252191
215.658	0.12602161789946
215.699	0.129145178281223
215.739	0.132267721017718
215.779	0.158815236620485
215.819	0.132788755394295
215.859	0.146322216267752
215.899	0.135911501659845
215.939	0.158295016360123
215.98	0.159335456880848
216.02	0.149445573120462
216.06	0.153609574022951
216.1	0.146843250644329
216.14	0.146843250644329
216.18	0.153089353762589
216.221	0.150486827757401
216.261	0.149965793380825
216.301	0.157253965252237
216.341	0.139555078772917
216.381	0.14892474227294
216.421	0.141637384517741
216.461	0.144239910522929
216.501	0.155171659507413
216.542	0.131226669909834
216.583	0.139034858512555
216.624	0.153089353762589
216.665	0.139555078772917
216.706	0.122898057517697
216.747	0.143719690262566
216.787	0.137473587144306
216.827	0.137993807404669
216.867	0.132788755394295
216.907	0.121857006409811
216.947	0.138514638252191
216.987	0.132788755394295
217.027	0.121857006409811
217.067	0.142678435625627
217.107	0.129145178281223
217.147	0.1197755147812
217.187	0.130185415272895
217.227	0.141117164257379
217.267	0.131747500757356
217.307	0.132267721017718
217.347	0.141637384517741
217.387	0.125500583522883
217.427	0.135391281399483
217.467	0.130706449649471
217.507	0.122378040786387
217.547	0.149965793380825
217.588	0.140076113149494
217.629	0.140596129880802
217.669	0.151007048017764
217.709	0.139034858512555
217.749	0.121336786149448
217.789	0.148404522012578
217.829	0.141637384517741
217.869	0.143719690262566
217.909	0.128624143904646
217.949	0.125500583522883
217.989	0.143199470002202
218.03	0.13695255276773
218.07	0.140076113149494
218.111	0.131747500757356
218.151	0.132267721017718
218.192	0.123939312154635
218.233	0.141637384517741
218.273	0.137993807404669
218.313	0.124460346531211
218.354	0.126541838159822
218.394	0.146322216267752
218.434	0.149965793380825
218.474	0.145280961630813
218.514	0.143199470002202
218.555	0.140596129880802
218.596	0.119254480404623
218.636	0.144239910522929
218.676	0.120815751772872
218.716	0.125500583522883
218.756	0.141117164257379
218.796	0.140076113149494
218.837	0.135911501659845
218.877	0.124980363262521
218.917	0.120295735041562
218.957	0.133829806502181
218.997	0.138514638252191
219.037	0.140596129880802
219.077	0.131226669909834
219.117	0.143719690262566
219.158	0.133829806502181
219.198	0.133829806502181
219.238	0.146322216267752
219.278	0.133829806502181
219.318	0.141637384517741
219.358	0.14580199600739
219.399	0.149445573120462
219.439	0.134870247022906
219.479	0.139034858512555
219.519	0.127582889267707
219.559	0.134870247022906
219.599	0.14892474227294
219.639	0.129145178281223
219.679	0.121336786149448
219.719	0.135911501659845
219.759	0.132267721017718
219.799	0.126541838159822
219.839	0.120295735041562
219.879	0.129665195012532
219.919	0.141637384517741
219.959	0.125500583522883
219.999	0.121857006409811
220.039	0.147363267375639
220.079	0.131226669909834
220.119	0.131226669909834
220.159	0.125500583522883
220.199	0.127582889267707
220.239	0.135911501659845
220.279	0.150486827757401
220.32	0.133829806502181
220.36	0.126541838159822
220.401	0.143199470002202
220.441	0.128624143904646
220.481	0.125500583522883
220.521	0.127062669007345
220.561	0.141637384517741
220.601	0.129665195012532
220.641	0.143199470002202
220.681	0.131747500757356
220.721	0.106761460051892
220.762	0.12602161789946
220.803	0.120815751772872
220.844	0.121857006409811
220.884	0.139555078772917
220.924	0.122898057517697
220.965	0.129665195012532
221.005	0.118734260144261
221.045	0.130185415272895
221.086	0.127582889267707
221.127	0.125500583522883
221.167	0.121336786149448
221.207	0.143719690262566
221.247	0.122378040786387
221.287	0.113528597546727
221.327	0.107802511159777
221.367	0.123939312154635
221.407	0.127582889267707
221.447	0.127582889267707
221.487	0.123419091894272
221.527	0.122898057517697
221.568	0.123419091894272
221.608	0.122378040786387
221.648	0.120295735041562
221.688	0.14892474227294
221.728	0.115610903291551
221.768	0.143719690262566
221.808	0.143719690262566
221.849	0.123419091894272
221.89	0.133829806502181
221.931	0.130185415272895
221.972	0.127582889267707
222.013	0.118213429296738
222.053	0.144760944899504
222.093	0.124460346531211
222.134	0.130185415272895
222.175	0.117693209036376
222.215	0.136432332507367
222.256	0.127582889267707
222.297	0.135911501659845
222.337	0.116651954399437
222.377	0.131747500757356
222.417	0.118734260144261
222.457	0.117693209036376
222.497	0.129145178281223
222.537	0.132788755394295
222.577	0.131747500757356
222.617	0.128103923644284
222.658	0.145280961630813
222.698	0.124980363262521
222.738	0.115610903291551
222.778	0.127062669007345
222.818	0.133308975654657
222.859	0.129145178281223
222.899	0.122378040786387
222.939	0.133829806502181
222.979	0.129665195012532
223.02	0.129665195012532
223.06	0.132788755394295
223.101	0.113008377286365
223.142	0.125500583522883
223.183	0.117693209036376
223.223	0.131747500757356
223.263	0.138514638252191
223.303	0.135911501659845
223.343	0.122898057517697
223.384	0.12602161789946
223.425	0.120815751772872
223.465	0.146322216267752
223.505	0.153089353762589
223.545	0.127582889267707
223.585	0.133829806502181
223.626	0.124980363262521
223.666	0.126541838159822
223.706	0.14892474227294
223.746	0.130185415272895
223.787	0.144239910522929
223.827	0.134870247022906
223.867	0.129145178281223
223.907	0.132267721017718
223.947	0.115610903291551
223.988	0.131747500757356
224.029	0.113008377286365
224.069	0.152569133502225
224.109	0.137473587144306
224.15	0.120815751772872
224.191	0.132788755394295
224.231	0.13695255276773
224.271	0.133829806502181
224.311	0.121336786149448
224.351	0.120295735041562
224.392	0.127582889267707
224.432	0.124460346531211
224.473	0.129665195012532
224.514	0.134350026762544
224.554	0.132788755394295
224.594	0.127062669007345
224.634	0.112487342909788
224.674	0.134870247022906
224.714	0.132267721017718
224.755	0.117693209036376
224.795	0.117172174659799
224.836	0.121857006409811
224.876	0.118213429296738
224.916	0.120295735041562
224.956	0.126541838159822
224.997	0.123419091894272
225.037	0.139555078772917
225.077	0.118734260144261
225.117	0.132788755394295
225.157	0.127582889267707
225.197	0.110926071541539
225.237	0.115090683031188
225.277	0.127062669007345
225.317	0.13695255276773
225.357	0.123939312154635
225.397	0.132788755394295
225.437	0.117693209036376
225.477	0.117172174659799
225.517	0.127582889267707
225.557	0.121336786149448
225.597	0.119254480404623
225.637	0.123939312154635
225.677	0.129145178281223
225.717	0.110405851281177
225.758	0.117693209036376
225.798	0.100515356933632
225.838	0.133829806502181
225.879	0.130185415272895
225.919	0.1197755147812
225.959	0.129665195012532
226.0	0.117172174659799
226.04	0.130185415272895
226.081	0.117693209036376
226.121	0.12602161789946
226.161	0.127062669007345
226.201	0.134350026762544
226.242	0.130706449649471
226.283	0.119254480404623
226.323	0.104679968423281
226.363	0.104679968423281
226.403	0.109364596644238
226.443	0.128624143904646
226.483	0.124980363262521
226.524	0.122898057517697
226.565	0.126541838159822
226.605	0.114049428394249
226.645	0.121857006409811
226.687	0.130185415272895
226.727	0.123939312154635
226.767	0.127582889267707
226.807	0.124460346531211
226.847	0.125500583522883
226.887	0.155171659507413
226.928	0.132267721017718
226.968	0.121336786149448
227.008	0.118734260144261
227.049	0.125500583522883
227.09	0.131747500757356
227.131	0.135391281399483
227.171	0.138514638252191
227.211	0.127062669007345
227.251	0.128103923644284
227.291	0.128103923644284
227.332	0.128103923644284
227.373	0.124460346531211
227.413	0.124460346531211
227.453	0.122378040786387
227.493	0.104158934046704
227.534	0.107802511159777
227.574	0.115610903291551
227.614	0.115090683031188
227.654	0.123419091894272
227.694	0.137473587144306
227.735	0.111446291801903
227.776	0.136432332507367
227.816	0.129665195012532
227.856	0.101036187781154
227.897	0.115610903291551
227.937	0.122378040786387
227.977	0.124460346531211
228.017	0.128103923644284
228.057	0.129665195012532
228.097	0.112487342909788
228.137	0.114049428394249
228.178	0.123939312154635
228.218	0.117172174659799
228.259	0.135391281399483
228.299	0.133829806502181
228.339	0.117693209036376
228.379	0.108843765796716
228.419	0.134350026762544
228.459	0.115610903291551
228.499	0.10519998515459
228.539	0.124980363262521
228.579	0.120815751772872
228.619	0.120815751772872
228.659	0.111967122649426
228.7	0.102076628301881
228.741	0.108323545536353
228.781	0.10519998515459
228.822	0.108843765796716
228.862	0.108843765796716
228.902	0.126541838159822
228.942	0.128624143904646
228.982	0.113008377286365
229.022	0.106761460051892
229.062	0.100515356933632
229.102	0.104158934046704
229.142	0.122378040786387
229.182	0.116131123551915
229.222	0.108843765796716
229.262	0.123419091894272
229.302	0.118213429296738
229.342	0.111446291801903
229.382	0.135911501659845
229.422	0.127582889267707
229.463	0.133829806502181
229.503	0.120815751772872
229.544	0.124980363262521
229.585	0.114049428394249
229.625	0.104158934046704
229.666	0.111446291801903
229.707	0.109884816904602
229.747	0.114049428394249
229.787	0.124460346531211
229.827	0.122378040786387
229.867	0.126541838159822
229.907	0.116651954399437
229.947	0.106761460051892
229.987	0.125500583522883
230.027	0.124980363262521
230.067	0.142158418894318
230.107	0.118734260144261
230.147	0.115090683031188
230.187	0.105721019531166
230.227	0.123419091894272
230.267	0.0968715762915068
230.307	0.0963513560311429
230.348	0.0979128309284443
230.388	0.105721019531166
230.428	0.12602161789946
230.468	0.0963513560311429
230.509	0.0994741022966929
230.549	0.105721019531166
230.589	0.117172174659799
230.63	0.112487342909788
230.67	0.113528597546727
230.711	0.135391281399483
230.751	0.119254480404623
230.791	0.107282290899414
230.831	0.111967122649426
230.871	0.084378555938774
230.911	0.107282290899414
230.951	0.101036187781154
230.991	0.121336786149448
231.031	0.101036187781154
231.071	0.108323545536353
231.111	0.117172174659799
231.152	0.0989538820363305
231.193	0.116651954399437
231.233	0.101556408041518
231.274	0.124980363262521
231.314	0.110405851281177
231.354	0.117693209036376
231.394	0.107802511159777
231.434	0.0999951366732695
231.475	0.107282290899414
231.516	0.0942690502863191
231.556	0.113008377286365
231.597	0.129665195012532
231.637	0.114569648654612
231.677	0.106241239791528
231.717	0.114569648654612
231.757	0.106761460051892
231.797	0.101036187781154
231.837	0.123939312154635
231.877	0.116131123551915
231.917	0.132267721017718
231.957	0.110926071541539
231.997	0.105721019531166
232.037	0.106761460051892
232.077	0.116131123551915
232.117	0.101036187781154
232.157	0.0984330511888082
232.197	0.128624143904646
232.237	0.120815751772872
232.277	0.110926071541539
232.317	0.110926071541539
232.357	0.114049428394249
232.397	0.117693209036376
232.437	0.106761460051892
232.477	0.129145178281223
232.517	0.1197755147812
232.557	0.111446291801903
232.597	0.102076628301881
232.637	0.121857006409811
232.677	0.0854196070466588
232.717	0.0942690502863191
232.757	0.116131123551915
232.797	0.0989538820363305
232.837	0.103117679409765
232.877	0.113008377286365
232.918	0.104679968423281
232.958	0.106241239791528
232.998	0.129665195012532
233.039	0.0968715762915068
233.08	0.100515356933632
233.12	0.107282290899414
233.16	0.124460346531211
233.2	0.103638713786342
233.24	0.0947892705466815
233.28	0.109364596644238
233.32	0.0848995903153492
233.36	0.0968715762915068
233.401	0.0937482194387968
233.441	0.0994741022966929
233.481	0.0973917965518692
233.521	0.108323545536353
233.561	0.107802511159777
233.601	0.0973917965518692
233.642	0.100515356933632
233.682	0.102597662678456
233.722	0.102597662678456
233.762	0.100515356933632
233.803	0.111446291801903
233.843	0.111446291801903
233.884	0.0921867445414954
233.924	0.107802511159777
233.964	0.113528597546727
234.005	0.115090683031188
234.045	0.1197755147812
234.086	0.0999951366732695
234.127	0.114049428394249
234.167	0.0968715762915068
234.207	0.0932279991784344
234.247	0.103117679409765
234.287	0.0937482194387968
234.327	0.0937482194387968
234.367	0.114049428394249
234.407	0.0947892705466815
234.447	0.0968715762915068
234.487	0.101556408041518
234.527	0.0953103049232582
234.567	0.0984330511888082
234.607	0.110926071541539
234.647	0.116131123551915
234.687	0.083337301301835
234.727	0.106241239791528
234.767	0.0953103049232582
234.807	0.0911456934336092
234.847	0.0994741022966929
234.887	0.104679968423281
234.927	0.088543167428423
234.967	0.109884816904602
235.009	0.0999951366732695
235.049	0.0890633876887854
235.09	0.0963513560311429
235.13	0.113008377286365
235.17	0.112487342909788
235.21	0.106241239791528
235.25	0.111446291801903
235.29	0.101556408041518
235.33	0.104158934046704
235.371	0.111967122649426
235.411	0.105721019531166
235.451	0.0932279991784344
235.492	0.107802511159777
235.533	0.100515356933632
235.574	0.106241239791528
235.615	0.088543167428423
235.656	0.0901044387966702
235.696	0.110405851281177
235.736	0.114049428394249
235.776	0.0999951366732695
235.817	0.115610903291551
235.857	0.110926071541539
235.897	0.107282290899414
235.937	0.0937482194387968
235.977	0.104158934046704
236.017	0.117172174659799
236.057	0.0968715762915068
236.097	0.101556408041518
236.137	0.0906254731732468
236.177	0.103638713786342
236.217	0.102597662678456
236.257	0.102597662678456
236.298	0.100515356933632
236.339	0.114569648654612
236.379	0.110405851281177
236.419	0.0848995903153492
236.459	0.0932279991784344
236.499	0.101036187781154
236.539	0.0958305251836206
236.579	0.113528597546727
236.619	0.118213429296738
236.659	0.104158934046704
236.699	0.122378040786387
236.74	0.119254480404623
236.78	0.0968715762915068
236.821	0.107282290899414
236.861	0.108323545536353
236.901	0.108843765796716
236.942	0.118734260144261
236.983	0.0901044387966702
237.023	0.106241239791528
237.064	0.107282290899414
237.104	0.108323545536353
237.144	0.107802511159777
237.184	0.0963513560311429
237.224	0.0958305251836206
237.264	0.0994741022966929
237.304	0.114569648654612
237.344	0.104158934046704
237.384	0.100515356933632
237.425	0.0942690502863191
237.466	0.112487342909788
237.506	0.100515356933632
237.547	0.103117679409765
237.587	0.115090683031188
237.627	0.0984330511888082
237.667	0.112487342909788
237.707	0.105721019531166
237.747	0.116651954399437
237.787	0.104158934046704
237.827	0.112487342909788
237.867	0.118213429296738
237.907	0.0953103049232582
237.947	0.108323545536353
237.987	0.0848995903153492
238.027	0.0958305251836206
238.067	0.0999951366732695
238.107	0.0869818960601744
238.147	0.133308975654657
238.187	0.0973917965518692
238.227	0.106241239791528
238.268	0.107282290899414
238.308	0.101036187781154
238.348	0.101036187781154
238.389	0.124460346531211
238.429	0.104158934046704
238.469	0.10519998515459
238.509	0.0859406414232354
238.549	0.101036187781154
238.589	0.103638713786342
238.63	0.114049428394249
238.67	0.100515356933632
238.711	0.108843765796716
238.751	0.088543167428423
238.792	0.0953103049232582
238.833	0.107282290899414
238.873	0.0937482194387968
238.913	0.101036187781154
238.954	0.0921867445414954
238.994	0.108843765796716
239.034	0.104679968423281
239.074	0.107282290899414
239.114	0.101556408041518
239.154	0.0921867445414954
239.194	0.0869818960601744
239.235	0.0890633876887854
239.275	0.0901044387966702
239.315	0.0859406414232354
239.355	0.111446291801903
239.395	0.0921867445414954
239.435	0.0906254731732468
239.476	0.0921867445414954
239.517	0.0937482194387968
239.557	0.0776122325601517
239.597	0.109884816904602
239.637	0.100515356933632
239.677	0.0869818960601744
239.717	0.0968715762915068
239.757	0.0963513560311429
239.797	0.0937482194387968
239.838	0.0682425690601289
239.878	0.0937482194387968
239.918	0.0921867445414954
239.958	0.103117679409765
239.999	0.0968715762915068
240.039	0.0942690502863191
240.079	0.0916665242811315
240.119	0.0921867445414954
240.159	0.0968715762915068
240.2	0.0989538820363305
240.24	0.101556408041518
240.28	0.0953103049232582
240.32	0.118213429296738
240.36	0.0973917965518692
240.401	0.0958305251836206
240.442	0.110926071541539
240.482	0.0989538820363305
240.522	0.103638713786342
240.562	0.0979128309284443
240.603	0.0906254731732468
240.643	0.100515356933632
240.683	0.0994741022966929
240.723	0.104158934046704
240.763	0.101036187781154
240.804	0.118213429296738
240.844	0.115090683031188
240.885	0.114569648654612
240.925	0.0958305251836206
240.965	0.0984330511888082
241.006	0.104679968423281
241.046	0.107802511159777
241.087	0.116131123551915
241.128	0.0958305251836206
241.168	0.118734260144261
241.209	0.114569648654612
241.249	0.103638713786342
241.289	0.0984330511888082
241.329	0.0963513560311429
241.37	0.0937482194387968
241.411	0.0968715762915068
241.451	0.083337301301835
241.491	0.0973917965518692
241.531	0.103638713786342
241.571	0.084378555938774
241.611	0.0942690502863191
241.651	0.105721019531166
241.692	0.114049428394249
241.732	0.0906254731732468
241.772	0.0817760299335864
241.813	0.081255809673224
241.853	0.0932279991784344
241.893	0.0932279991784344
241.933	0.0916665242811315
241.973	0.101556408041518
242.014	0.0927069648018578
242.054	0.0869818960601744
242.094	0.0895842185363078
242.135	0.0927069648018578
242.177	0.0786524695518236
242.217	0.0921867445414954
242.257	0.107282290899414
242.297	0.112487342909788
242.337	0.0854196070466588
242.377	0.0942690502863191
242.417	0.088543167428423
242.457	0.112487342909788
242.497	0.106241239791528
242.537	0.103117679409765
242.577	0.112487342909788
242.617	0.115090683031188
242.657	0.107802511159777
242.698	0.0927069648018578
242.739	0.0968715762915068
242.779	0.0999951366732695
242.819	0.104679968423281
242.859	0.103117679409765
242.899	0.0953103049232582
242.939	0.0937482194387968
242.979	0.0817760299335864
243.019	0.0854196070466588
243.06	0.0916665242811315
243.101	0.0984330511888082
243.141	0.122378040786387
243.181	0.0927069648018578
243.221	0.0942690502863191
243.262	0.0895842185363078
243.303	0.0718861461732013
243.343	0.104158934046704
243.384	0.0895842185363078
243.425	0.084378555938774
243.465	0.106241239791528
243.506	0.101036187781154
243.547	0.0755299268153279
243.587	0.0968715762915068
243.627	0.0942690502863191
243.667	0.0958305251836206
243.707	0.0968715762915068
243.747	0.101036187781154
243.788	0.110405851281177
243.829	0.124980363262521
243.869	0.106241239791528
243.909	0.0968715762915068
243.949	0.111967122649426
243.989	0.122378040786387
244.029	0.115090683031188
244.069	0.1197755147812
244.109	0.124460346531211
244.149	0.0984330511888082
244.19	0.102076628301881
244.23	0.105721019531166
244.271	0.0916665242811315
244.312	0.0942690502863191
244.353	0.0890633876887854
244.394	0.113008377286365
244.434	0.0994741022966929
244.474	0.088543167428423
244.515	0.0999951366732695
244.556	0.088543167428423
244.597	0.0927069648018578
244.638	0.0942690502863191
244.678	0.108843765796716
244.718	0.0958305251836206
244.758	0.104679968423281
244.799	0.0906254731732468
244.839	0.0869818960601744
244.879	0.0802147585653393
244.92	0.0859406414232354
244.96	0.0937482194387968
245.0	0.088543167428423
245.04	0.0869818960601744
245.08	0.0828172845705255
245.12	0.084378555938774
245.16	0.0734476210705027
245.2	0.0869818960601744
245.24	0.0994741022966929
245.281	0.0911456934336092
245.321	0.0724063664335637
245.361	0.0854196070466588
245.401	0.084378555938774
245.442	0.102597662678456
245.483	0.0901044387966702
245.523	0.104679968423281
245.563	0.0953103049232582
245.603	0.0963513560311429
245.644	0.0906254731732468
245.684	0.0942690502863191
245.724	0.088543167428423
245.764	0.0895842185363078
245.805	0.0953103049232582
245.846	0.0916665242811315
245.886	0.0880221330518464
245.926	0.0807349788257017
245.966	0.0906254731732468
246.006	0.0901044387966702
246.046	0.0781324528205141
246.087	0.113008377286365
246.128	0.103117679409765
246.168	0.0947892705466815
246.208	0.088543167428423
246.249	0.0791735039284003
246.29	0.0729274008101403
246.33	0.0880221330518464
246.37	0.0854196070466588
246.41	0.116651954399437
246.45	0.0791735039284003
246.49	0.088543167428423
246.53	0.0859406414232354
246.57	0.0890633876887854
246.611	0.0802147585653393
246.651	0.0869818960601744
246.691	0.0963513560311429
246.731	0.114049428394249
246.771	0.0973917965518692
246.811	0.0958305251836206
246.852	0.0859406414232354
246.892	0.0682425690601289
246.932	0.0916665242811315
246.972	0.0958305251836206
247.012	0.0869818960601744
247.052	0.0953103049232582
247.092	0.0687627893204913
247.132	0.0880221330518464
247.172	0.0901044387966702
247.213	0.0916665242811315
247.253	0.0916665242811315
247.293	0.0921867445414954
247.333	0.0932279991784344
247.373	0.0932279991784344
247.413	0.0916665242811315
247.453	0.0916665242811315
247.493	0.0848995903153492
247.533	0.0848995903153492
247.573	0.083337301301835
247.613	0.0947892705466815
247.653	0.0947892705466815
247.693	0.0942690502863191
247.733	0.0880221330518464
247.773	0.088543167428423
247.813	0.0932279991784344
247.854	0.0963513560311429
247.894	0.0921867445414954
247.935	0.0979128309284443
247.976	0.0848995903153492
248.016	0.0729274008101403
248.056	0.103638713786342
248.097	0.104158934046704
248.137	0.115610903291551
248.177	0.10519998515459
248.217	0.109364596644238
248.257	0.0999951366732695
248.297	0.106241239791528
248.337	0.0953103049232582
248.377	0.104679968423281
248.417	0.111446291801903
248.457	0.103117679409765
248.499	0.111446291801903
248.539	0.10519998515459
248.579	0.0864608616835978
248.619	0.105721019531166
248.659	0.102597662678456
248.699	0.0921867445414954
248.739	0.110405851281177
248.779	0.0979128309284443
248.819	0.0864608616835978
248.859	0.0958305251836206
248.899	0.0901044387966702
248.939	0.0848995903153492
248.979	0.0963513560311429
249.019	0.100515356933632
249.059	0.0838583356784116
249.099	0.0807349788257017
249.139	0.0791735039284003
249.18	0.0937482194387968
249.22	0.065119212207419
249.261	0.087501912791484
249.302	0.0973917965518692
249.342	0.0848995903153492
249.383	0.084378555938774
249.424	0.0828172845705255
249.464	0.0796937241887627
249.504	0.0864608616835978
249.544	0.0750088924387513
249.585	0.0854196070466588
249.626	0.0796937241887627
249.666	0.0927069648018578
249.707	0.0911456934336092
249.747	0.0890633876887854
249.787	0.0656392289387285
249.827	0.0848995903153492
249.867	0.0890633876887854
249.907	0.0859406414232354
249.947	0.0942690502863191
249.987	0.087501912791484
250.027	0.0947892705466815
250.067	0.083337301301835
250.107	0.0828172845705255
250.147	0.0895842185363078
250.187	0.0947892705466815
250.227	0.111446291801903
250.267	0.110926071541539
250.307	0.0890633876887854
250.347	0.0890633876887854
250.387	0.0901044387966702
250.427	0.0994741022966929
250.467	0.101036187781154
250.507	0.0984330511888082
250.547	0.0958305251836206
250.587	0.0916665242811315
250.627	0.0906254731732468
250.667	0.0848995903153492
250.707	0.0864608616835978
250.748	0.0890633876887854
250.788	0.0994741022966929
250.828	0.0822970643101631
250.868	0.0895842185363078
250.908	0.0916665242811315
250.948	0.0838583356784116
250.988	0.0848995903153492
251.028	0.0713653153256789
251.068	0.0698038404283775
251.108	0.0817760299335864
251.148	0.0828172845705255
251.188	0.0895842185363078
251.228	0.0869818960601744
251.268	0.0916665242811315
251.308	0.083337301301835
251.349	0.0848995903153492
251.389	0.081255809673224
251.429	0.0927069648018578
251.469	0.0838583356784116
251.509	0.0947892705466815
251.549	0.0760501470756903
251.589	0.0796937241887627
251.629	0.0848995903153492
251.669	0.083337301301835
251.709	0.0802147585653393
251.75	0.0848995903153492
251.79	0.0916665242811315
251.83	0.0906254731732468
251.87	0.0932279991784344
251.91	0.0729274008101403
251.95	0.0807349788257017
251.99	0.0968715762915068
252.03	0.0916665242811315
252.07	0.103638713786342
252.111	0.0708450950653165
252.151	0.0859406414232354
252.192	0.0744886721783889
252.232	0.0869818960601744
252.272	0.0942690502863191
252.312	0.083337301301835
252.353	0.0937482194387968
252.394	0.0744886721783889
252.434	0.0713653153256789
252.474	0.0588729055601061
252.514	0.0672015179522442
252.554	0.0906254731732468
252.594	0.0734476210705027
252.634	0.104158934046704
252.674	0.0864608616835978
252.714	0.0880221330518464
252.754	0.0953103049232582
252.794	0.0781324528205141
252.834	0.0791735039284003
252.874	0.0786524695518236
252.914	0.088543167428423
252.954	0.0718861461732013
252.994	0.0958305251836206
253.034	0.0854196070466588
253.074	0.0880221330518464
253.114	0.0656392289387285
253.154	0.0859406414232354
253.194	0.0838583356784116
253.234	0.0958305251836206
253.274	0.0906254731732468
253.314	0.0864608616835978
253.354	0.0645981778308438
253.394	0.0859406414232354
253.435	0.0901044387966702
253.476	0.0848995903153492
253.516	0.0776122325601517
253.556	0.0927069648018578
253.597	0.0890633876887854
253.637	0.0932279991784344
253.677	0.0854196070466588
253.717	0.0724063664335637
253.758	0.0802147585653393
253.798	0.0947892705466815
253.838	0.0609543971887171
253.879	0.0807349788257017
253.919	0.0692830095808551
253.959	0.0703240606887399
253.999	0.0666804835756675
254.039	0.0677215346835523
254.079	0.0932279991784344
254.12	0.081255809673224
254.16	0.0942690502863191
254.2	0.0796937241887627
254.24	0.083337301301835
254.28	0.0828172845705255
254.32	0.0864608616835978
254.361	0.0724063664335637
254.402	0.084378555938774
254.443	0.0796937241887627
254.483	0.0854196070466588
254.523	0.0724063664335637
254.563	0.0713653153256789
254.603	0.0854196070466588
254.643	0.0781324528205141
254.684	0.0781324528205141
254.724	0.0927069648018578
254.764	0.0635577373101175
254.804	0.0859406414232354
254.844	0.0682425690601289
254.884	0.0807349788257017
254.925	0.0718861461732013
254.966	0.0989538820363305
255.006	0.0838583356784116
255.046	0.0932279991784344
255.087	0.0729274008101403
255.127	0.0765709779232126
255.168	0.0734476210705027
255.209	0.0869818960601744
255.249	0.0739678413308651
255.289	0.0854196070466588
255.329	0.0666804835756675
255.369	0.0755299268153279
255.409	0.0901044387966702
255.45	0.0677215346835523
255.491	0.087501912791484
255.532	0.0739678413308651
255.573	0.0724063664335637
255.614	0.0786524695518236
255.654	0.0734476210705027
255.694	0.0619956518256562
255.734	0.0692830095808551
255.775	0.0698038404283775
255.816	0.0698038404283775
255.856	0.0495026314729234
255.897	0.0864608616835978
255.937	0.0708450950653165
255.977	0.0796937241887627
256.017	0.0588729055601061
256.057	0.0567905998152824
256.098	0.0609543971887171
256.138	0.0588729055601061
256.178	0.0687627893204913
256.219	0.0729274008101403
256.259	0.0656392289387285
256.299	0.0469001054677373
256.339	0.0614754315652938
256.379	0.0729274008101403
256.419	0.0708450950653165
256.459	0.081255809673224
256.499	0.0672015179522442
256.539	0.0515849372177486
256.579	0.0599133460808324
256.619	0.0526259883256334
256.659	0.0645981778308438
256.699	0.0687627893204913
256.739	0.0776122325601517
256.779	0.0838583356784116
256.819	0.0604343804574076
256.859	0.0656392289387285
256.899	0.05626976896776
256.939	0.0822970643101631
256.979	0.0760501470756903
257.019	0.0802147585653393
257.059	0.0750088924387513
257.099	0.0703240606887399
257.139	0.0817760299335864
257.179	0.0557495487073962
257.219	0.0739678413308651
257.259	0.055228514330821
257.299	0.0947892705466815
257.339	0.0713653153256789
257.379	0.0578318544522214
257.419	0.0645981778308438
257.459	0.0437773592021873
257.499	0.0724063664335637
257.539	0.0609543971887171
257.579	0.0682425690601289
257.62	0.0708450950653165
257.66	0.0703240606887399
257.7	0.0802147585653393
257.74	0.0755299268153279
257.781	0.0625166862022328
257.821	0.0744886721783889
257.861	0.0661602633153051
257.901	0.0880221330518464
257.941	0.077091198183575
257.981	0.0760501470756903
258.021	0.0708450950653165
258.062	0.0687627893204913
258.103	0.0724063664335637
258.144	0.055228514330821
258.184	0.0614754315652938
258.225	0.0692830095808551
258.265	0.077091198183575
258.305	0.0947892705466815
258.346	0.0708450950653165
258.387	0.0640779575704799
258.427	0.0755299268153279
258.467	0.081255809673224
258.507	0.0880221330518464
258.547	0.0822970643101631
258.587	0.0802147585653393
258.628	0.0796937241887627
258.669	0.052105768065271
258.709	0.0567905998152824
258.749	0.0791735039284003
258.789	0.052105768065271
258.829	0.0635577373101175
258.869	0.077091198183575
258.909	0.0776122325601517
258.949	0.0672015179522442
258.989	0.0666804835756675
259.03	0.0687627893204913
259.07	0.0682425690601289
259.11	0.083337301301835
259.15	0.0640779575704799
259.19	0.05626976896776
259.23	0.0713653153256789
259.27	0.0672015179522442
259.31	0.0505436825808096
259.35	0.0625166862022328
259.39	0.0666804835756675
259.43	0.0687627893204913
259.471	0.0744886721783889
259.511	0.0666804835756675
259.551	0.0593931258204685
259.591	0.0500234623204472
259.631	0.0583520747125838
259.671	0.0739678413308651
259.711	0.0744886721783889
259.751	0.0781324528205141
259.791	0.0713653153256789
259.832	0.0609543971887171
259.872	0.055228514330821
259.912	0.0661602633153051
259.953	0.0760501470756903
259.994	0.0687627893204913
260.034	0.0848995903153492
260.074	0.0567905998152824
260.114	0.0547082940704572
260.154	0.0593931258204685
260.195	0.0708450950653165
260.235	0.0609543971887171
260.275	0.0708450950653165
260.315	0.0640779575704799
260.355	0.0791735039284003
260.396	0.065119212207419
260.436	0.0599133460808324
260.476	0.0630367029335423
260.516	0.0744886721783889
260.556	0.0547082940704572
260.596	0.0687627893204913
260.636	0.0739678413308651
260.676	0.0708450950653165
260.716	0.0609543971887171
260.757	0.0703240606887399
260.798	0.0796937241887627
260.838	0.0750088924387513
260.878	0.0713653153256789
260.919	0.0666804835756675
260.959	0.0729274008101403
261.0	0.05314702270221
261.041	0.0593931258204685
261.081	0.0672015179522442
261.122	0.0614754315652938
261.163	0.0703240606887399
261.203	0.088543167428423
261.243	0.0619956518256562
261.284	0.0666804835756675
261.324	0.0619956518256562
261.364	0.0593931258204685
261.404	0.0635577373101175
261.444	0.0765709779232126
261.484	0.065119212207419
261.525	0.05626976896776
261.565	0.0755299268153279
261.605	0.0583520747125838
261.647	0.0500234623204472
261.687	0.0619956518256562
261.727	0.0682425690601289
261.767	0.0692830095808551
261.808	0.0619956518256562
261.848	0.0645981778308438
261.888	0.0515849372177486
261.928	0.0640779575704799
261.969	0.0666804835756675
262.009	0.0698038404283775
262.049	0.0698038404283775
262.089	0.0724063664335637
262.13	0.0541880738100948
262.171	0.0630367029335423
262.211	0.0817760299335864
262.251	0.048982411212561
262.291	0.0333666445942798
262.331	0.083337301301835
262.371	0.0604343804574076
262.412	0.0619956518256562
262.452	0.0541880738100948
262.492	0.0619956518256562
262.532	0.0547082940704572
262.572	0.0666804835756675
262.612	0.047941156575622
262.653	0.0760501470756903
262.693	0.0609543971887171
262.734	0.0729274008101403
262.774	0.0661602633153051
262.814	0.0469001054677373
262.854	0.0609543971887171
262.895	0.0588729055601061
262.935	0.0567905998152824
262.975	0.0776122325601517
263.016	0.047941156575622
263.057	0.047941156575622
263.097	0.0541880738100948
263.137	0.0578318544522214
263.177	0.0578318544522214
263.217	0.0390925274521759
263.257	0.0578318544522214
263.297	0.0796937241887627
263.337	0.0796937241887627
263.378	0.0526259883256334
263.419	0.0614754315652938
263.459	0.05626976896776
263.499	0.0635577373101175
263.539	0.0619956518256562
263.579	0.0599133460808324
263.62	0.0604343804574076
263.66	0.047941156575622
263.7	0.0661602633153051
263.74	0.0541880738100948
263.78	0.0536672429625724
263.821	0.0588729055601061
263.861	0.0349279159625269
263.901	0.0453386305704358
263.941	0.0557495487073962
263.981	0.0453386305704358
264.021	0.0692830095808551
264.062	0.0599133460808324
264.103	0.0682425690601289
264.143	0.05626976896776
264.183	0.0557495487073962
264.223	0.0604343804574076
264.263	0.0692830095808551
264.303	0.0510647169573848
264.344	0.0609543971887171
264.385	0.0698038404283775
264.426	0.0734476210705027
264.467	0.0588729055601061
264.507	0.0614754315652938
264.547	0.055228514330821
264.587	0.0510647169573848
264.627	0.0687627893204913
264.667	0.0593931258204685
264.707	0.0786524695518236
264.747	0.0640779575704799
264.787	0.0557495487073962
264.827	0.0661602633153051
264.867	0.0567905998152824
264.907	0.0515849372177486
264.947	0.0640779575704799
264.987	0.0547082940704572
265.027	0.065119212207419
265.067	0.0469001054677373
265.107	0.0406540023494773
265.147	0.0588729055601061
265.187	0.044817799722912
265.227	0.0495026314729234
265.267	0.0604343804574076
265.307	0.065119212207419
265.347	0.052105768065271
265.387	0.0724063664335637
265.427	0.0515849372177486
265.467	0.0505436825808096
265.507	0.0547082940704572
265.547	0.0656392289387285
265.587	0.0588729055601061
265.627	0.0614754315652938
265.667	0.0390925274521759
265.707	0.0567905998152824
265.747	0.0536672429625724
265.787	0.0495026314729234
265.827	0.0698038404283775
265.867	0.0625166862022328
265.907	0.0500234623204472
265.947	0.0437773592021873
265.987	0.0390925274521759
266.028	0.0380514763442897
266.068	0.0406540023494773
266.108	0.0609543971887171
266.148	0.0672015179522442
266.188	0.0573108200756448
266.229	0.0547082940704572
266.269	0.0495026314729234
266.31	0.0645981778308438
266.351	0.0484621909521986
266.391	0.0536672429625724
266.431	0.0557495487073962
266.471	0.0609543971887171
266.511	0.0427363080943011
266.551	0.0505436825808096
266.591	0.0500234623204472
266.632	0.0390925274521759
266.673	0.0401329679729007
266.713	0.047941156575622
266.753	0.0396127477125383
266.793	0.0583520747125838
266.833	0.0515849372177486
266.874	0.0609543971887171
266.915	0.047941156575622
266.955	0.0359691705994659
266.995	0.055228514330821
267.035	0.0536672429625724
267.075	0.0677215346835523
267.117	0.065119212207419
267.157	0.0547082940704572
267.197	0.0338868648546421
267.237	0.05626976896776
267.277	0.0380514763442897
267.318	0.0573108200756448
267.358	0.0635577373101175
267.398	0.0692830095808551
267.438	0.0625166862022328
267.478	0.0328456102177031
267.518	0.0609543971887171
267.558	0.0354481362228893
267.598	0.055228514330821
267.639	0.048982411212561
267.679	0.0645981778308438
267.719	0.0505436825808096
267.759	0.047941156575622
267.799	0.0515849372177486
267.839	0.0557495487073962
267.88	0.0547082940704572
267.921	0.0677215346835523
267.961	0.0666804835756675
268.001	0.0437773592021873
268.041	0.0437773592021873
268.081	0.0698038404283775
268.121	0.052105768065271
268.161	0.0541880738100948
268.201	0.05626976896776
268.241	0.0469001054677373
268.281	0.048982411212561
268.322	0.0515849372177486
268.362	0.0286818128442684
268.402	0.0318045591098169
268.443	0.0338868648546421
268.483	0.0307633044728794
268.523	0.0484621909521986
268.563	0.044817799722912
268.604	0.0547082940704572
268.644	0.0505436825808096
268.684	0.0396127477125383
268.724	0.0453386305704358
268.765	0.0500234623204472
268.805	0.0463798852073734
268.846	0.048982411212561
268.886	0.0635577373101175
268.926	0.0614754315652938
268.966	0.0526259883256334
269.006	0.0578318544522214
269.046	0.0614754315652938
269.086	0.0635577373101175
269.126	0.0604343804574076
269.166	0.065119212207419
269.206	0.0593931258204685
269.247	0.0614754315652938
269.287	0.0672015179522442
269.327	0.0573108200756448
269.367	0.048982411212561
269.407	0.0505436825808096
269.448	0.0505436825808096
269.488	0.0390925274521759
269.529	0.0437773592021873
269.57	0.0463798852073734
269.61	0.0474209363152596
269.65	0.0458588508307982
269.69	0.0583520747125838
269.73	0.0458588508307982
269.77	0.0614754315652938
269.811	0.0661602633153051
269.851	0.0469001054677373
269.891	0.0370102217073521
269.931	0.0463798852073734
269.972	0.0495026314729234
270.012	0.05314702270221
270.052	0.065119212207419
270.092	0.0614754315652938
270.132	0.0547082940704572
270.172	0.0411740190807869
270.213	0.0484621909521986
270.253	0.0307633044728794
270.293	0.0645981778308438
270.334	0.0515849372177486
270.375	0.0609543971887171
270.415	0.052105768065271
270.457	0.047941156575622
270.497	0.0593931258204685
270.537	0.0484621909521986
270.577	0.0526259883256334
270.617	0.0604343804574076
270.657	0.0432563248256106
270.697	0.0630367029335423
270.737	0.0557495487073962
270.777	0.0500234623204472
270.817	0.0390925274521759
270.857	0.047941156575622
270.897	0.0515849372177486
270.937	0.0640779575704799
270.977	0.0672015179522442
271.017	0.055228514330821
271.057	0.0505436825808096
271.097	0.0442975794625497
271.137	0.0375304419677145
271.177	0.0567905998152824
271.217	0.0656392289387285
271.257	0.0588729055601061
271.299	0.0427363080943011
271.339	0.0380514763442897
271.379	0.0463798852073734
271.42	0.0500234623204472
271.46	0.05626976896776
271.5	0.0536672429625724
271.541	0.0593931258204685
271.582	0.0526259883256334
271.622	0.0557495487073962
271.663	0.0619956518256562
271.703	0.0463798852073734
271.744	0.0588729055601061
271.784	0.065119212207419
271.825	0.0573108200756448
271.865	0.0604343804574076
271.906	0.0593931258204685
271.947	0.0495026314729234
271.987	0.0510647169573848
272.027	0.0411740190807869
